id,web_name,first_name,second_name,team_name,position_team,element_type,selected_by_percent,now_cost,form,points_per_game,total_points,minutes,goals_scored,assists,clean_sheets,goals_conceded,yellow_cards,red_cards,saves,bonus,bps,influence,creativity,threat,ict_index,value_season,transfers_in,transfers_out,position,price,data_date
1,Raya,David,Raya Martín,Arsenal,1,1,27.5,56,4.0,4.9,34,630,0,0,4,3,1,0,15,3,146,135.8,10.0,0.0,14.5,6.1,1510320,660617,Goalkeeper,5.6,2025-10-05
2,Arrizabalaga,Kepa,Arrizabalaga Revuelta,Arsenal,1,1,0.5,43,0.0,0.0,0,0,0,0,0,0,0,0,0,0,0,0.0,0.0,0.0,0.0,0.0,6494,48859,Goalkeeper,4.3,2025-10-05
3,Hein,Karl,Hein,Arsenal,1,1,0.3,40,0.0,0.0,0,0,0,0,0,0,0,0,0,0,0,0.0,0.0,0.0,0.0,0.0,5545,32893,Goalkeeper,4.0,2025-10-05
4,Setford,Tommy,Setford,Arsenal,1,1,0.2,40,0.0,0.0,0,0,0,0,0,0,0,0,0,0,0,0.0,0.0,0.0,0.0,0.0,13527,11286,Goalkeeper,4.0,2025-10-05
5,Gabriel,Gabriel,dos Santos Magalhães,Arsenal,1,2,28.2,62,8.2,6.7,47,630,1,0,4,3,0,0,0,5,168,198.8,13.1,56.0,26.8,7.6,1823139,734227,Defender,6.2,2025-10-05
6,Saliba,William,Saliba,Arsenal,1,2,12.7,60,2.2,4.2,25,409,0,0,3,1,0,0,0,1,108,106.4,19.2,8.0,13.4,4.2,627456,1021739,Defender,6.0,2025-10-05
7,Calafiori,Riccardo,Calafiori,Arsenal,1,2,14.8,57,3.5,6.0,42,524,1,2,4,3,3,0,0,3,129,105.2,68.3,118.0,29.1,7.4,1707353,445412,Defender,5.7,2025-10-05
8,J.Timber,Jurriën,Timber,Arsenal,1,2,16.4,59,5.5,6.9,48,521,2,2,3,3,2,0,0,7,178,191.0,120.1,183.0,49.5,8.1,1824189,407061,Defender,5.9,2025-10-05
9,Kiwior,Jakub,Kiwior,Arsenal,1,2,0.1,54,0.0,0.0,0,0,0,0,0,0,0,0,0,0,0,0.0,0.0,0.0,0.0,0.0,1119,9873,Defender,5.4,2025-10-05
10,Lewis-Skelly,Myles,Lewis-Skelly,Arsenal,1,2,1.9,52,0.8,0.8,4,83,0,0,0,0,1,0,0,0,13,7.6,6.9,4.0,1.7,0.8,40616,309613,Defender,5.2,2025-10-05
11,White,Benjamin,White,Arsenal,1,2,0.4,54,0.0,6.0,6,70,0,0,1,0,0,0,0,0,23,15.4,11.3,1.0,2.8,1.1,27215,80749,Defender,5.4,2025-10-05
13,Clarke,Brayden,Clarke,Arsenal,1,2,0.5,39,0.0,0.0,0,0,0,0,0,0,0,0,0,0,0,0.0,0.0,0.0,0.0,0.0,22302,38025,Defender,3.9,2025-10-05
14,Kacurri,Maldini,Kacurri,Arsenal,1,2,0.2,39,0.0,0.0,0,0,0,0,0,0,0,0,0,0,0,0.0,0.0,0.0,0.0,0.0,10218,15344,Defender,3.9,2025-10-05
15,Nichols,Josh,Nichols,Arsenal,1,2,0.2,39,0.0,0.0,0,0,0,0,0,0,0,0,0,0,0,0.0,0.0,0.0,0.0,0.0,12047,12430,Defender,3.9,2025-10-05
16,Saka,Bukayo,Saka,Arsenal,1,3,8.8,99,2.8,4.0,20,346,2,0,2,1,0,0,0,0,72,99.2,114.1,98.0,31.1,2.0,927497,1710476,Midfielder,9.9,2025-10-05
17,Ødegaard,Martin,Ødegaard,Arsenal,1,3,2.0,79,1.5,2.2,13,201,0,1,1,1,0,0,0,0,47,43.0,65.0,22.0,13.0,1.6,132270,342577,Midfielder,7.9,2025-10-05
18,Madueke,Noni,Madueke,Arsenal,1,3,0.8,69,1.0,2.0,10,304,0,0,2,2,0,0,0,0,39,30.2,111.7,105.0,24.6,1.4,148691,200773,Midfielder,6.9,2025-10-05
19,Martinelli,Gabriel,Martinelli Silva,Arsenal,1,3,1.2,69,2.5,2.3,14,181,1,0,1,0,0,0,0,1,51,46.8,29.8,50.0,12.7,2.0,68759,102665,Midfielder,6.9,2025-10-05
20,Trossard,Leandro,Trossard,Arsenal,1,3,0.3,69,2.8,2.4,12,292,0,1,1,2,0,0,0,0,50,43.4,81.8,57.0,18.2,1.7,11706,24177,Midfielder,6.9,2025-10-05
21,Rice,Declan,Rice,Arsenal,1,3,8.7,65,6.0,5.7,40,542,1,3,3,3,0,0,0,6,154,156.4,206.4,42.0,40.5,6.2,518260,505298,Midfielder,6.5,2025-10-05
22,Merino,Mikel,Merino Zazón,Arsenal,1,3,0.6,59,2.8,2.5,15,242,1,0,2,1,0,0,0,0,52,63.6,40.7,64.0,16.5,2.5,59998,70388,Midfielder,5.9,2025-10-05
23,Fábio Vieira,Fábio,Ferreira Vieira,Arsenal,1,3,0.0,54,0.0,0.0,0,0,0,0,0,0,0,0,0,0,0,0.0,0.0,0.0,0.0,0.0,933,4019,Midfielder,5.4,2025-10-05
24,Nørgaard,Christian,Nørgaard,Arsenal,1,3,0.2,53,0.0,0.0,0,0,0,0,0,0,0,0,0,0,0,0.0,0.0,0.0,0.0,0.0,2918,51607,Midfielder,5.3,2025-10-05
25,Nwaneri,Ethan,Nwaneri,Arsenal,1,3,0.2,53,1.2,1.5,6,145,0,0,1,0,0,0,0,0,17,8.4,22.0,21.0,5.1,1.1,8559,24654,Midfielder,5.3,2025-10-05
26,Zubimendi,Martín,Zubimendi Ibáñez,Arsenal,1,3,4.4,55,5.8,4.6,32,591,2,0,4,3,1,0,0,3,140,141.4,95.2,45.0,28.2,5.8,507440,267761,Midfielder,5.5,2025-10-05
28,Kabia,Ismeal,Kabia,Arsenal,1,3,0.1,45,0.0,0.0,0,0,0,0,0,0,0,0,0,0,0,0.0,0.0,0.0,0.0,0.0,6731,24862,Midfielder,4.5,2025-10-05
29,Sambi,Albert,Sambi Lokonga,Arsenal,1,3,0.1,45,0.0,0.0,0,0,0,0,0,0,0,0,0,0,0,0.0,0.0,0.0,0.0,0.0,2952,11810,Midfielder,4.5,2025-10-05
30,Havertz,Kai,Havertz,Arsenal,1,4,0.4,73,0.0,1.0,1,30,0,0,0,0,0,0,0,0,4,2.8,0.8,2.0,0.6,0.1,8592,105854,Forward,7.3,2025-10-05
31,G.Jesus,Gabriel,Fernando de Jesus,Arsenal,1,4,0.0,64,0.0,0.0,0,0,0,0,0,0,0,0,0,0,0,0.0,0.0,0.0,0.0,0.0,882,3204,Forward,6.4,2025-10-05
266,Eze,Eberechi,Eze,Arsenal,1,3,13.4,76,4.5,3.7,22,394,0,3,3,2,0,0,0,0,82,70.2,59.2,142.0,27.2,2.9,1177596,878892,Midfielder,7.6,2025-10-05
662,Mosquera,Cristhian,Mosquera,Arsenal,1,2,0.2,54,2.2,2.4,12,247,0,0,1,2,0,0,0,1,57,55.2,2.6,4.0,6.2,2.2,21339,18124,Defender,5.4,2025-10-05
666,Gyökeres,Viktor,Gyökeres,Arsenal,1,4,27.5,91,3.0,3.7,26,576,3,0,3,3,1,0,0,2,93,118.2,69.2,214.0,40.2,2.9,2067703,1769386,Forward,9.1,2025-10-05
700,Dowman,Max,Dowman,Arsenal,1,3,0.4,45,0.0,2.5,5,27,0,1,0,0,0,0,0,0,13,1.0,0.8,26.0,2.8,1.1,69181,37017,Midfielder,4.5,2025-10-05
711,Harriman-Annous,Andre,Harriman-Annous,Arsenal,1,3,0.0,45,0.0,0.0,0,0,0,0,0,0,0,0,0,0,0,0.0,0.0,0.0,0.0,0.0,900,508,Midfielder,4.5,2025-10-05
725,Hincapie,Piero,Hincapié,Arsenal,1,2,0.0,54,0.0,0.0,0,0,0,0,0,0,0,0,0,0,0,0.0,0.0,0.0,0.0,0.0,3511,3061,Defender,5.4,2025-10-05
32,Martinez,Emiliano,Martínez Romero,Aston Villa,16,1,2.1,50,3.2,3.0,15,450,0,0,1,4,1,0,10,0,76,74.8,3.0,0.0,7.8,3.0,170751,118815,Goalkeeper,5.0,2025-10-05
33,M.Bizot,Marco,Bizot,Aston Villa,16,1,0.6,44,0.0,3.5,7,180,0,0,1,3,1,0,4,0,22,25.4,0.0,0.0,2.6,1.6,74488,81821,Goalkeeper,4.4,2025-10-05
34,Gauci,Joe,Gauci,Aston Villa,16,1,0.1,40,0.0,0.0,0,0,0,0,0,0,0,0,0,0,0,0.0,0.0,0.0,0.0,0.0,0,12006,Goalkeeper,4.0,2025-10-05
35,Marschall,Filip,Marschall,Aston Villa,16,1,0.0,40,0.0,0.0,0,0,0,0,0,0,0,0,0,0,0,0.0,0.0,0.0,0.0,0.0,0,904,Goalkeeper,4.0,2025-10-05
36,Cash,Matty,Cash,Aston Villa,16,2,5.5,46,4.8,4.1,29,606,1,0,2,6,2,0,0,2,101,139.8,74.1,21.0,23.7,6.3,597060,284019,Defender,4.6,2025-10-05
37,Digne,Lucas,Digne,Aston Villa,16,2,1.9,45,3.0,3.0,21,487,0,1,2,3,2,0,0,0,98,55.2,40.7,28.0,12.3,4.7,111207,107277,Defender,4.5,2025-10-05
38,Konsa,Ezri,Konsa Ngoyo,Aston Villa,16,2,10.7,45,3.0,2.7,16,515,0,0,2,6,0,1,0,0,92,84.2,20.1,4.0,10.8,3.6,199142,1198205,Defender,4.5,2025-10-05
39,Maatsen,Ian,Maatsen,Aston Villa,16,2,0.5,43,0.2,0.8,3,142,0,0,0,4,1,0,0,0,20,34.6,57.0,13.0,10.5,0.7,16586,56912,Defender,4.3,2025-10-05
40,Mings,Tyrone,Mings,Aston Villa,16,2,1.3,45,3.5,3.8,23,481,0,0,2,6,0,0,0,1,83,118.2,44.2,25.0,18.8,5.1,120395,101307,Defender,4.5,2025-10-05
41,Pau,Pau,Torres,Aston Villa,16,2,0.3,44,1.2,2.0,8,254,0,0,0,3,0,0,0,0,40,33.0,6.8,9.0,4.9,1.8,11390,30606,Defender,4.4,2025-10-05
42,A.García,Andrés,García,Aston Villa,16,2,0.3,39,0.0,0.0,0,0,0,0,0,0,0,0,0,0,0,0.0,0.0,0.0,0.0,0.0,15578,18764,Defender,3.9,2025-10-05
43,Alex Moreno,Álex,Moreno Lopera,Aston Villa,16,2,3.1,40,0.0,0.0,0,0,0,0,0,0,0,0,0,0,0,0.0,0.0,0.0,0.0,0.0,44476,720295,Defender,4.0,2025-10-05
44,Bogarde,Lamare,Bogarde,Aston Villa,16,2,0.7,40,3.5,2.5,15,282,0,0,1,2,1,0,0,3,47,16.4,20.1,6.0,4.1,3.8,65510,26240,Defender,4.0,2025-10-05
45,Sousa,Lino,da Cruz Sousa,Aston Villa,16,2,0.3,40,0.0,0.0,0,0,0,0,0,0,0,0,0,0,0,0.0,0.0,0.0,0.0,0.0,11350,17721,Defender,4.0,2025-10-05
46,Yasin,Yasin,Özcan,Aston Villa,16,2,0.2,40,0.0,0.0,0,0,0,0,0,0,0,0,0,0,0,0.0,0.0,0.0,0.0,0.0,4656,14342,Defender,4.0,2025-10-05
47,Rogers,Morgan,Rogers,Aston Villa,16,3,5.5,69,3.8,3.1,22,621,0,2,2,7,0,0,0,0,69,59.4,105.0,65.0,22.9,3.2,438438,898192,Midfielder,6.9,2025-10-05
48,Tielemans,Youri,Tielemans,Aston Villa,16,3,0.7,59,0.2,2.0,8,315,0,0,1,4,0,0,0,0,46,34.2,74.2,29.0,13.8,1.4,46541,220383,Midfielder,5.9,2025-10-05
49,Bailey,Leon,Bailey,Aston Villa,16,3,0.1,55,0.0,0.0,0,0,0,0,0,0,0,0,0,0,0,0.0,0.0,0.0,0.0,0.0,2168,46199,Midfielder,5.5,2025-10-05
50,Buendía,Emiliano,Buendía Stati,Aston Villa,16,3,0.2,53,3.8,2.8,17,308,1,1,1,3,2,0,0,3,46,74.4,77.3,80.0,23.2,3.2,20109,16812,Midfielder,5.3,2025-10-05
51,Iling Jr,Samuel,Iling-Junior,Aston Villa,16,3,0.0,55,0.0,0.0,0,0,0,0,0,0,0,0,0,0,0,0.0,0.0,0.0,0.0,0.0,1383,3146,Midfielder,5.5,2025-10-05
53,Malen,Donyell,Malen,Aston Villa,16,3,0.6,51,3.8,2.7,19,228,2,0,0,5,0,0,0,0,62,8.6,22.1,38.0,6.6,3.7,27032,170735,Midfielder,5.1,2025-10-05
54,McGinn,John,McGinn,Aston Villa,16,3,0.7,54,3.5,3.0,21,546,1,0,3,5,1,0,0,0,102,88.8,115.6,37.0,24.2,3.9,49521,53961,Midfielder,5.4,2025-10-05
55,Barkley,Ross,Barkley,Aston Villa,16,3,0.0,48,0.2,1.0,1,6,0,0,0,0,0,0,0,0,1,0.0,0.0,0.0,0.0,0.2,328,7158,Midfielder,4.8,2025-10-05
56,Barrenechea,Enzo,Barrenechea,Aston Villa,16,3,0.0,50,0.0,0.0,0,0,0,0,0,0,0,0,0,0,0,0.0,0.0,0.0,0.0,0.0,0,28,Midfielder,5.0,2025-10-05
57,Dobbin,Lewis,Dobbin,Aston Villa,16,3,0.0,50,0.0,0.0,0,0,0,0,0,0,0,0,0,0,0,0.0,0.0,0.0,0.0,0.0,889,4884,Midfielder,5.0,2025-10-05
58,Kamara,Boubacar,Kamara,Aston Villa,16,3,0.1,49,3.0,3.0,15,294,0,2,1,3,1,0,0,1,73,61.2,32.7,19.0,11.2,3.1,10022,19289,Midfielder,4.9,2025-10-05
59,Onana,Amadou,Onana,Aston Villa,16,3,0.6,48,0.2,2.3,7,154,0,0,1,1,1,0,0,0,32,34.0,6.2,16.0,5.6,1.5,58877,185142,Midfielder,4.8,2025-10-05
60,Broggio,Ben,Broggio,Aston Villa,16,3,0.3,45,0.0,0.0,0,0,0,0,0,0,0,0,0,0,0,0.0,0.0,0.0,0.0,0.0,22776,24530,Midfielder,4.5,2025-10-05
61,Dendoncker,Leander,Dendoncker,Aston Villa,16,3,0.1,45,0.0,0.0,0,0,0,0,0,0,0,0,0,0,0,0.0,0.0,0.0,0.0,0.0,2169,28634,Midfielder,4.5,2025-10-05
62,Jimoh-Aloba,Jamaldeen,Jimoh-Aloba,Aston Villa,16,3,0.1,45,0.0,0.0,0,0,0,0,0,0,0,0,0,0,0,0.0,0.0,0.0,0.0,0.0,3959,4306,Midfielder,4.5,2025-10-05
63,Young,Kadan,Young,Aston Villa,16,3,0.7,44,0.0,0.0,0,0,0,0,0,0,0,0,0,0,0,0.0,0.0,0.0,0.0,0.0,41946,51758,Midfielder,4.4,2025-10-05
64,Watkins,Ollie,Watkins,Aston Villa,16,4,9.7,87,3.5,2.9,20,598,1,0,3,6,0,0,0,2,62,56.8,60.5,127.0,24.5,2.3,488765,2311543,Forward,8.7,2025-10-05
65,Redmond,Zépiqueno,Redmond,Aston Villa,16,4,0.4,45,0.0,0.0,0,0,0,0,0,0,0,0,0,0,0,0.0,0.0,0.0,0.0,0.0,17574,69589,Forward,4.5,2025-10-05
389,Elliott,Harvey,Elliott,Aston Villa,16,3,0.5,54,0.8,1.0,4,97,0,0,0,2,0,0,0,0,13,8.6,17.8,18.0,4.4,0.7,86659,55357,Midfielder,5.4,2025-10-05
456,Sancho,Jadon,Sancho,Aston Villa,16,3,0.2,59,0.2,1.0,1,8,0,0,0,0,0,0,0,0,2,0.8,2.8,7.0,1.1,0.2,24635,24919,Midfielder,5.9,2025-10-05
677,Guessand,Evann,Guessand,Aston Villa,16,3,0.0,63,1.8,1.5,9,282,0,0,1,3,0,0,0,0,22,33.6,8.6,46.0,8.8,1.4,3155,6840,Midfielder,6.3,2025-10-05
688,Wright,James,Wright,Aston Villa,16,1,0.5,40,0.0,0.0,0,0,0,0,0,0,0,0,0,0,0,0.0,0.0,0.0,0.0,0.0,23683,16145,Goalkeeper,4.0,2025-10-05
701,Rowe,Triston,Rowe,Aston Villa,16,2,0.1,40,0.0,0.0,0,0,0,0,0,0,0,0,0,0,0,0.0,0.0,0.0,0.0,0.0,8943,7133,Defender,4.0,2025-10-05
702,Burrowes,Bradley,Burrowes,Aston Villa,16,3,0.1,45,0.0,1.0,1,16,0,0,0,1,0,0,0,0,3,0.0,0.3,0.0,0.0,0.2,6596,4184,Midfielder,4.5,2025-10-05
703,Proctor,Sam,Proctor,Aston Villa,16,1,0.3,40,0.0,0.0,0,0,0,0,0,0,0,0,0,0,0,0.0,0.0,0.0,0.0,0.0,18464,7509,Goalkeeper,4.0,2025-10-05
710,Patterson,Travis,Patterson,Aston Villa,16,2,0.1,40,0.0,0.0,0,0,0,0,0,0,0,0,0,0,0,0.0,0.0,0.0,0.0,0.0,7079,3396,Defender,4.0,2025-10-05
719,Lindelöf,Victor,Lindelöf,Aston Villa,16,2,0.0,45,0.8,1.0,3,21,0,0,0,0,0,0,0,0,9,0.6,0.3,0.0,0.1,0.7,2786,1256,Defender,4.5,2025-10-05
183,Weiss,Max,Weiß,Burnley,18,1,0.1,44,0.0,0.0,0,0,0,0,0,0,0,0,0,0,0,0.0,0.0,0.0,0.0,0.0,2804,9437,Goalkeeper,4.4,2025-10-05
184,Green,Etienne,Green,Burnley,18,1,0.3,40,0.0,0.0,0,0,0,0,0,0,0,0,0,0,0,0.0,0.0,0.0,0.0,0.0,4943,21876,Goalkeeper,4.0,2025-10-05
185,Hladký,Václav,Hladký,Burnley,18,1,0.2,40,0.0,0.0,0,0,0,0,0,0,0,0,0,0,0,0.0,0.0,0.0,0.0,0.0,4622,8696,Goalkeeper,4.0,2025-10-05
186,Roberts,Connor,Roberts,Burnley,18,2,0.0,44,0.0,0.0,0,0,0,0,0,0,0,0,0,0,0,0.0,0.0,0.0,0.0,0.0,720,7113,Defender,4.4,2025-10-05
187,Walker,Kyle,Walker,Burnley,18,2,1.5,44,1.0,1.6,11,630,0,0,1,15,2,0,0,0,19,79.2,13.7,7.0,10.1,2.5,62743,117481,Defender,4.4,2025-10-05
188,Delcroix,Hannes,Delcroix,Burnley,18,2,0.3,39,0.0,0.0,0,0,0,0,0,0,0,0,0,0,0,0.0,0.0,0.0,0.0,0.0,9158,17229,Defender,3.9,2025-10-05
189,Dodgson,Owen,Dodgson,Burnley,18,2,0.0,40,0.0,0.0,0,0,0,0,0,0,0,0,0,0,0,0.0,0.0,0.0,0.0,0.0,0,1962,Defender,4.0,2025-10-05
190,Ekdal,Hjalmar,Ekdal,Burnley,18,2,1.5,40,1.5,3.2,19,532,0,0,1,12,0,0,0,1,44,130.2,26.4,61.0,21.7,4.8,204895,76460,Defender,4.0,2025-10-05
191,Estève,Maxime,Estève,Burnley,18,2,13.8,40,1.8,2.1,15,622,0,0,1,15,0,0,0,0,35,122.4,13.0,28.0,16.4,3.8,397945,879361,Defender,4.0,2025-10-05
192,Hartman,Quilindschy,Hartman,Burnley,18,2,0.5,40,3.2,3.0,21,627,0,2,1,13,1,0,0,0,68,133.2,89.7,27.0,25.0,5.2,34642,35343,Defender,4.0,2025-10-05
193,Humphreys,Bashir,Humphreys,Burnley,18,2,0.1,40,0.0,0.0,0,2,0,0,0,2,0,0,0,0,-5,0.2,0.0,0.0,0.0,0.0,1624,3278,Defender,4.0,2025-10-05
194,Jordan,Jordan,Beyer,Burnley,18,2,0.1,40,0.0,0.0,0,0,0,0,0,0,0,0,0,0,0,0.0,0.0,0.0,0.0,0.0,854,11644,Defender,4.0,2025-10-05
195,Lucas Pires,Lucas,Pires Silva,Burnley,18,2,0.2,39,0.0,0.0,0,0,0,0,0,0,0,0,0,0,0,0.0,0.0,0.0,0.0,0.0,8675,10062,Defender,3.9,2025-10-05
196,Sambo,Shurandy,Sambo,Burnley,18,2,0.1,40,0.0,0.0,0,0,0,0,0,0,0,0,0,0,0,0.0,0.0,0.0,0.0,0.0,202,7989,Defender,4.0,2025-10-05
197,Sonne,Oliver,Sonne,Burnley,18,2,0.1,40,0.0,1.0,3,102,0,0,0,4,0,0,0,0,-2,7.6,16.4,6.0,3.0,0.8,4053,7642,Defender,4.0,2025-10-05
198,Tuanzebe,Axel,Tuanzebe,Burnley,18,2,1.8,39,0.2,1.0,1,90,0,0,0,2,0,0,0,0,6,0.0,0.0,0.0,0.0,0.3,84495,137799,Defender,3.9,2025-10-05
199,Worrall,Joe,Worrall,Burnley,18,2,0.2,39,0.5,1.0,4,19,0,0,0,2,0,0,0,0,9,11.0,0.0,0.0,1.1,1.0,9760,7226,Defender,3.9,2025-10-05
200,Anthony,Jaidon,Anthony,Burnley,18,3,6.7,57,5.0,5.9,41,587,4,1,2,11,2,0,0,5,144,213.4,98.3,170.0,48.2,7.2,859296,122329,Midfielder,5.7,2025-10-05
201,Benson,Manuel,Benson Hedilazio,Burnley,18,3,0.0,54,0.0,0.0,0,0,0,0,0,0,0,0,0,0,0,0.0,0.0,0.0,0.0,0.0,1070,2573,Midfielder,5.4,2025-10-05
202,Bruun Larsen,Jacob,Bruun Larsen,Burnley,18,3,0.0,53,0.5,2.2,11,235,0,1,1,7,0,0,0,0,31,32.8,30.7,20.0,8.2,2.1,1776,3958,Midfielder,5.3,2025-10-05
203,Boateng,Enock,Agyei,Burnley,18,3,0.0,48,0.0,0.0,0,0,0,0,0,0,0,0,0,0,0,0.0,0.0,0.0,0.0,0.0,1131,3858,Midfielder,4.8,2025-10-05
204,Churlinov,Darko,Churlinov,Burnley,18,3,0.0,49,0.0,0.0,0,0,0,0,0,0,0,0,0,0,0,0.0,0.0,0.0,0.0,0.0,160,1798,Midfielder,4.9,2025-10-05
205,Cullen,Josh,Cullen,Burnley,18,3,1.9,50,3.8,5.0,35,590,1,1,2,12,0,0,0,3,150,167.6,100.7,21.0,29.0,7.0,314452,145492,Midfielder,5.0,2025-10-05
206,Edwards,Marcus,Edwards,Burnley,18,3,0.1,48,0.0,1.0,1,5,0,0,0,0,0,0,0,0,3,0.0,0.0,0.0,0.0,0.2,3216,8370,Midfielder,4.8,2025-10-05
207,Hannibal,Hannibal,Mejbri,Burnley,18,3,0.1,49,0.8,2.0,12,246,0,0,1,7,0,0,0,0,33,15.0,40.7,13.0,6.8,2.4,8200,12439,Midfielder,4.9,2025-10-05
208,Koleosho,Luca,Koleosho,Burnley,18,3,0.0,50,0.0,0.0,0,0,0,0,0,0,0,0,0,0,0,0.0,0.0,0.0,0.0,0.0,68,2790,Midfielder,5.0,2025-10-05
209,Laurent,Josh,Laurent,Burnley,18,3,0.0,49,2.0,1.6,11,448,0,0,0,12,1,0,0,0,53,47.4,19.0,30.0,9.8,2.2,847,1905,Midfielder,4.9,2025-10-05
210,Tchaouna,Loum,Tchaouna,Burnley,18,3,0.0,49,2.0,1.9,13,309,0,1,1,5,1,0,0,0,40,18.6,27.4,33.0,8.0,2.7,2018,2123,Midfielder,4.9,2025-10-05
211,A.Ramsey,Aaron,Ramsey,Burnley,18,3,2.9,44,0.0,0.0,0,0,0,0,0,0,0,0,0,0,0,0.0,0.0,0.0,0.0,0.0,62789,759583,Midfielder,4.4,2025-10-05
212,Adewumi,Oluwaseun,Adewumi,Burnley,18,3,0.0,45,0.0,0.0,0,0,0,0,0,0,0,0,0,0,0,0.0,0.0,0.0,0.0,0.0,0,2377,Midfielder,4.5,2025-10-05
213,Banel,Jaydon,Banel,Burnley,18,3,0.0,45,0.0,0.0,0,0,0,0,0,0,0,0,0,0,0,0.0,0.0,0.0,0.0,0.0,3082,3318,Midfielder,4.5,2025-10-05
214,Trésor,Mike,Trésor Ndayishimiye,Burnley,18,3,0.1,44,0.0,0.0,0,0,0,0,0,0,0,0,0,0,0,0.0,0.0,0.0,0.0,0.0,5445,6127,Midfielder,4.4,2025-10-05
215,Flemming,Zian,Flemming,Burnley,18,4,0.1,53,0.5,1.0,4,32,0,0,0,0,0,0,0,0,11,2.2,10.1,7.0,1.9,0.8,6299,15009,Forward,5.3,2025-10-05
216,Amdouni,Zeki,Amdouni,Burnley,18,4,0.0,49,0.0,0.0,0,0,0,0,0,0,0,0,0,0,0,0.0,0.0,0.0,0.0,0.0,655,4378,Forward,4.9,2025-10-05
217,Foster,Lyle,Foster,Burnley,18,4,2.3,50,2.8,3.0,21,565,1,1,2,12,2,0,0,2,82,82.2,65.2,63.0,21.1,4.2,338409,138211,Forward,5.0,2025-10-05
218,Barnes,Ashley,Barnes,Burnley,18,4,1.5,44,0.0,0.0,0,0,0,0,0,0,0,0,0,0,0,0.0,0.0,0.0,0.0,0.0,70354,172967,Forward,4.4,2025-10-05
219,Obafemi,Michael,Obafemi,Burnley,18,4,0.2,44,0.0,0.0,0,0,0,0,0,0,0,0,0,0,0,0.0,0.0,0.0,0.0,0.0,4151,32382,Forward,4.4,2025-10-05
470,Dúbravka,Martin,Dúbravka,Burnley,18,1,34.2,40,2.5,2.9,20,630,0,0,1,15,0,0,29,0,93,183.4,0.0,0.0,18.4,5.0,800236,469500,Goalkeeper,4.0,2025-10-05
676,Ugochukwu,Lesley,Ugochukwu,Burnley,18,3,0.0,50,1.5,2.0,12,285,1,0,1,6,0,1,0,0,50,24.2,18.8,8.0,4.9,2.4,1227,3356,Midfielder,5.0,2025-10-05
680,Broja,Armando,Broja,Burnley,18,4,0.1,53,0.8,1.0,3,42,0,0,0,4,0,0,0,0,7,2.0,0.6,2.0,0.5,0.6,7475,20609,Forward,5.3,2025-10-05
722,Florentino,Florentino Ibrain,Morris Luís,Burnley,18,3,0.0,50,3.0,3.0,12,297,0,0,0,9,1,0,0,0,55,55.6,25.4,0.0,8.1,2.4,914,457,Midfielder,5.0,2025-10-05
66,Neto,Norberto,Murara Neto,Bournemouth,4,1,0.1,45,0.0,0.0,0,0,0,0,0,0,0,0,0,0,0,0.0,0.0,0.0,0.0,0.0,0,13592,Goalkeeper,4.5,2025-10-05
67,Petrović,Đorđe,Petrović,Bournemouth,4,1,5.7,45,3.5,3.9,27,630,0,0,3,8,1,0,19,0,113,155.2,0.0,0.0,15.5,6.0,512588,219039,Goalkeeper,4.5,2025-10-05
68,Dennis,Will,Dennis,Bournemouth,4,1,1.1,40,0.0,0.0,0,0,0,0,0,0,0,0,0,0,0,0.0,0.0,0.0,0.0,0.0,35747,38125,Goalkeeper,4.0,2025-10-05
69,McKenna,Callan,McKenna,Bournemouth,4,1,0.2,40,0.0,0.0,0,0,0,0,0,0,0,0,0,0,0,0.0,0.0,0.0,0.0,0.0,5202,7033,Goalkeeper,4.0,2025-10-05
70,Paulsen,Alex,Paulsen,Bournemouth,4,1,0.1,40,0.0,0.0,0,0,0,0,0,0,0,0,0,0,0,0.0,0.0,0.0,0.0,0.0,1107,7213,Goalkeeper,4.0,2025-10-05
71,Zabarnyi,Illia,Zabarnyi,Bournemouth,4,2,0.0,50,0.0,0.0,0,0,0,0,0,0,0,0,0,0,0,0.0,0.0,0.0,0.0,0.0,0,7722,Defender,5.0,2025-10-05
72,Senesi,Marcos,Senesi Barón,Bournemouth,4,2,24.5,49,5.2,6.6,46,617,0,2,3,8,1,0,0,6,146,225.8,67.8,20.0,31.4,9.4,2928214,205589,Defender,4.9,2025-10-05
73,Smith,Adam,Smith,Bournemouth,4,2,0.2,44,0.0,2.7,8,204,0,0,1,3,0,0,0,0,28,17.8,14.0,4.0,3.6,1.8,13591,29527,Defender,4.4,2025-10-05
74,Truffert,Adrien,Truffert,Bournemouth,4,2,2.0,45,4.8,4.6,32,630,0,1,3,8,0,0,0,4,121,144.6,117.2,15.0,27.6,7.1,240270,87602,Defender,4.5,2025-10-05
75,Akinmboni,Matai,Akinmboni,Bournemouth,4,2,0.3,40,0.0,0.0,0,0,0,0,0,0,0,0,0,0,0,0.0,0.0,0.0,0.0,0.0,8693,16436,Defender,4.0,2025-10-05
76,Bevan,Owen,Bevan,Bournemouth,4,2,0.2,39,0.0,0.0,0,0,0,0,0,0,0,0,0,0,0,0.0,0.0,0.0,0.0,0.0,4338,8720,Defender,3.9,2025-10-05
77,Hill,James,Hill,Bournemouth,4,2,0.9,40,2.2,2.7,16,258,0,0,2,2,1,0,0,0,58,33.8,5.3,41.0,8.1,4.0,72409,54740,Defender,4.0,2025-10-05
78,J.Araujo,Julián,Araujo Zúñiga,Bournemouth,4,2,0.8,40,0.0,0.0,0,0,0,0,0,0,0,0,0,0,0,0.0,0.0,0.0,0.0,0.0,21207,74234,Defender,4.0,2025-10-05
79,Mepham,Chris,Mepham,Bournemouth,4,2,0.1,40,0.0,0.0,0,0,0,0,0,0,0,0,0,0,0,0.0,0.0,0.0,0.0,0.0,1400,12846,Defender,4.0,2025-10-05
80,Soler,Julio,Soler Barreto,Bournemouth,4,2,0.2,40,0.2,1.0,1,1,0,0,0,0,0,0,0,0,2,0.0,0.0,0.0,0.0,0.2,7475,14281,Defender,4.0,2025-10-05
81,Kluivert,Justin,Kluivert,Bournemouth,4,3,0.8,70,2.5,2.0,12,159,1,0,0,3,0,0,0,1,49,57.0,62.6,37.0,15.6,1.7,68615,88387,Midfielder,7.0,2025-10-05
82,Semenyo,Antoine,Semenyo,Bournemouth,4,3,57.5,79,10.8,9.4,66,630,6,3,3,8,1,0,0,9,190,305.0,132.4,212.0,65.0,8.4,6171063,517304,Midfielder,7.9,2025-10-05
84,Tavernier,Marcus,Tavernier,Bournemouth,4,3,1.4,55,2.2,3.9,27,496,1,0,4,5,0,0,0,3,73,94.0,107.2,105.0,30.7,4.9,245070,156896,Midfielder,5.5,2025-10-05
85,Adams,Tyler,Adams,Bournemouth,4,3,0.4,50,2.0,2.6,18,604,0,0,3,7,3,0,0,0,110,106.2,34.1,54.0,19.5,3.6,35123,30463,Midfielder,5.0,2025-10-05
86,Brooks,David,Brooks,Bournemouth,4,3,0.4,50,1.8,2.6,18,454,0,1,3,4,2,0,0,1,82,66.8,121.1,104.0,28.8,3.6,55398,37294,Midfielder,5.0,2025-10-05
87,Christie,Ryan,Christie,Bournemouth,4,3,0.1,50,1.5,1.6,8,149,0,1,0,2,0,0,0,0,27,22.2,27.9,16.0,6.7,1.6,3204,7122,Midfielder,5.0,2025-10-05
88,Cook,Lewis,Cook,Bournemouth,4,3,0.0,49,0.2,1.0,1,4,0,0,0,0,0,0,0,0,2,2.0,0.1,0.0,0.2,0.2,1410,1781,Midfielder,4.9,2025-10-05
89,Philip,Philip,Billing,Bournemouth,4,3,0.0,49,0.0,0.0,0,0,0,0,0,0,0,0,0,0,0,0.0,0.0,0.0,0.0,0.0,598,5963,Midfielder,4.9,2025-10-05
90,Scott,Alex,Scott,Bournemouth,4,3,0.3,50,4.2,3.4,24,448,1,0,3,4,1,0,0,2,100,94.2,82.3,28.0,20.4,4.8,44178,18582,Midfielder,5.0,2025-10-05
91,Sinisterra,Luis,Sinisterra Lucumí,Bournemouth,4,3,0.0,50,0.0,0.0,0,0,0,0,0,0,0,0,0,0,0,0.0,0.0,0.0,0.0,0.0,396,3564,Midfielder,5.0,2025-10-05
92,Faivre,Romain,Faivre,Bournemouth,4,3,0.1,45,0.0,0.0,0,0,0,0,0,0,0,0,0,0,0,0.0,0.0,0.0,0.0,0.0,3740,15381,Midfielder,4.5,2025-10-05
93,H.Traorè,Hamed,Traorè,Bournemouth,4,3,0.5,45,0.0,4.0,4,16,0,1,0,2,0,0,0,0,12,21.2,10.0,0.0,3.1,0.9,114900,137900,Midfielder,4.5,2025-10-05
94,Sadi,Dominic,Sadi,Bournemouth,4,3,0.1,45,0.0,0.0,0,0,0,0,0,0,0,0,0,0,0,0.0,0.0,0.0,0.0,0.0,3895,5924,Midfielder,4.5,2025-10-05
95,Silcott-Duberry,Zain,Silcott-Duberry,Bournemouth,4,3,0.1,44,0.0,0.0,0,0,0,0,0,0,0,0,0,0,0,0.0,0.0,0.0,0.0,0.0,15405,14134,Midfielder,4.4,2025-10-05
96,Winterburn,Ben,Winterburn,Bournemouth,4,3,0.0,45,0.0,1.0,1,6,0,0,0,2,0,0,0,0,3,0.0,0.0,0.0,0.0,0.2,2964,8163,Midfielder,4.5,2025-10-05
97,Evanilson,Francisco Evanilson,de Lima Barbosa,Bournemouth,4,4,3.1,70,2.8,3.1,22,617,1,1,3,8,1,0,0,2,89,59.0,107.2,173.0,33.8,3.1,461805,341485,Forward,7.0,2025-10-05
98,Enes Ünal,Enes,Ünal,Bournemouth,4,4,0.0,54,0.0,0.0,0,0,0,0,0,0,0,0,0,0,0,0.0,0.0,0.0,0.0,0.0,484,1047,Forward,5.4,2025-10-05
99,Adu-Adjei,Daniel,Adu-Adjei,Bournemouth,4,4,0.2,44,0.0,0.0,0,0,0,0,0,0,0,0,0,0,0,0.0,0.0,0.0,0.0,0.0,22144,31889,Forward,4.4,2025-10-05
100,Kroupi.Jr,Eli Junior,Kroupi,Bournemouth,4,4,1.7,45,1.5,2.2,9,21,1,0,0,1,1,0,0,2,36,35.0,0.6,40.0,7.6,2.0,221204,151730,Forward,4.5,2025-10-05
391,Gannon-Doak,Ben,Gannon-Doak,Bournemouth,4,3,0.0,49,1.2,2.5,5,29,0,1,0,0,0,0,0,0,16,20.0,12.2,9.0,4.1,1.0,3725,5106,Midfielder,4.9,2025-10-05
685,Diakité,Bafodé,Diakité,Bournemouth,4,2,0.5,45,2.5,4.3,26,540,0,0,3,7,1,0,0,2,105,125.6,27.3,10.0,16.4,5.8,70092,40343,Defender,4.5,2025-10-05
687,Rees-Dottin,Remy,Rees-Dottin,Bournemouth,4,3,0.1,44,0.0,0.0,0,0,0,0,0,0,0,0,0,0,0,0.0,0.0,0.0,0.0,0.0,8125,7962,Midfielder,4.4,2025-10-05
697,Adli,Amine,Adli,Bournemouth,4,3,0.0,55,0.8,1.0,5,147,0,0,0,2,0,0,0,0,34,48.8,50.2,32.0,13.1,0.9,3815,2852,Midfielder,5.5,2025-10-05
713,A.Jimenez,Álex,Jiménez Sánchez,Bournemouth,4,2,0.0,45,0.2,0.2,1,149,0,0,0,3,3,0,0,0,7,23.6,15.6,13.0,5.2,0.2,1669,726,Defender,4.5,2025-10-05
721,Milosavljević,Veljko,Milosavljevic,Bournemouth,4,2,0.0,45,1.2,2.5,5,95,0,0,0,1,0,0,0,0,18,23.8,11.3,6.0,4.1,1.1,3909,1613,Defender,4.5,2025-10-05
27,Nelson,Reiss,Nelson,Brentford,14,3,0.1,49,0.0,0.0,0,0,0,0,0,0,0,0,0,0,0,0.0,0.0,0.0,0.0,0.0,6449,11859,Midfielder,4.9,2025-10-05
83,O.Dango,Dango,Ouattara,Brentford,14,3,0.5,60,1.0,3.8,19,289,1,0,1,4,0,0,0,3,45,62.2,16.2,117.0,19.3,3.2,167990,133722,Midfielder,6.0,2025-10-05
101,Kelleher,Caoimhín,Kelleher,Brentford,14,1,8.1,45,3.0,2.7,19,541,0,0,1,11,1,0,16,0,68,141.6,10.0,0.0,15.2,4.2,208107,458704,Goalkeeper,4.5,2025-10-05
102,Balcombe,Ellery,Balcombe,Brentford,14,1,0.3,40,0.0,0.0,0,0,0,0,0,0,0,0,0,0,0,0.0,0.0,0.0,0.0,0.0,8435,11677,Goalkeeper,4.0,2025-10-05
103,Cox,Matthew,Cox,Brentford,14,1,0.1,40,0.0,0.0,0,0,0,0,0,0,0,0,0,0,0,0.0,0.0,0.0,0.0,0.0,3323,5104,Goalkeeper,4.0,2025-10-05
104,Eyestone,Julian,Eyestone,Brentford,14,1,0.1,40,0.0,0.0,0,0,0,0,0,0,0,0,0,0,0,0.0,0.0,0.0,0.0,0.0,1192,2753,Goalkeeper,4.0,2025-10-05
105,Valdimarsson,Hákon Rafn,Valdimarsson,Brentford,14,1,0.7,40,0.0,0.0,0,0,0,0,0,0,0,0,0,0,0,0.0,0.0,0.0,0.0,0.0,5650,34971,Goalkeeper,4.0,2025-10-05
106,Collins,Nathan,Collins,Brentford,14,2,1.2,49,1.2,2.4,17,541,0,0,1,11,3,0,0,1,50,123.4,22.5,71.0,21.8,3.5,48347,96932,Defender,4.9,2025-10-05
107,Lewis-Potter,Keane,Lewis-Potter,Brentford,14,2,0.4,50,0.8,2.7,16,398,0,0,2,8,0,0,0,0,41,32.4,25.7,15.0,7.4,3.2,16523,25556,Defender,5.0,2025-10-05
108,Ajer,Kristoffer,Ajer,Brentford,14,2,0.2,44,1.5,1.8,7,29,0,1,0,1,0,0,0,0,23,24.8,10.7,23.0,6.0,1.6,5864,10997,Defender,4.4,2025-10-05
109,Henry,Rico,Henry,Brentford,14,2,0.1,44,0.8,0.7,4,168,0,0,0,6,1,0,0,0,4,16.4,12.4,12.0,3.9,0.9,3733,9303,Defender,4.4,2025-10-05
110,Kayode,Michael,Kayode,Brentford,14,2,0.3,45,1.5,2.6,18,527,0,0,1,10,0,0,0,2,60,103.8,48.7,6.0,15.9,4.0,44459,31576,Defender,4.5,2025-10-05
111,Pinnock,Ethan,Pinnock,Brentford,14,2,0.1,44,0.0,0.0,0,155,0,0,0,4,1,0,0,0,1,31.8,0.8,10.0,4.3,0.0,4327,15016,Defender,4.4,2025-10-05
112,Roerslev,Mads,Roerslev Rasmussen,Brentford,14,2,0.0,45,0.0,0.0,0,0,0,0,0,0,0,0,0,0,0,0.0,0.0,0.0,0.0,0.0,211,3507,Defender,4.5,2025-10-05
113,Van den Berg,Sepp,van den Berg,Brentford,14,2,0.6,45,1.2,2.7,19,541,0,0,1,11,0,0,0,0,62,123.2,2.6,94.0,22.0,4.2,64699,49281,Defender,4.5,2025-10-05
114,Arthur,Benjamin,Arthur,Brentford,14,2,0.2,40,0.0,0.0,0,0,0,0,0,0,0,0,0,0,0,0.0,0.0,0.0,0.0,0.0,6703,15419,Defender,4.0,2025-10-05
115,Fredrick,Benjamin,Fredrick,Brentford,14,2,0.1,40,0.0,0.0,0,0,0,0,0,0,0,0,0,0,0,0.0,0.0,0.0,0.0,0.0,2020,9734,Defender,4.0,2025-10-05
116,Hickey,Aaron,Hickey,Brentford,14,2,0.4,40,1.0,1.0,5,95,0,0,0,2,1,0,0,0,17,9.2,2.2,0.0,1.2,1.2,12786,22106,Defender,4.0,2025-10-05
117,Ji-soo,Kim,Ji-soo,Brentford,14,2,0.1,39,0.0,0.0,0,0,0,0,0,0,0,0,0,0,0,0.0,0.0,0.0,0.0,0.0,4108,10387,Defender,3.9,2025-10-05
118,Meghoma,Jayden,Meghoma,Brentford,14,2,0.1,40,0.0,0.0,0,0,0,0,0,0,0,0,0,0,0,0.0,0.0,0.0,0.0,0.0,279,9106,Defender,4.0,2025-10-05
120,Schade,Kevin,Schade,Brentford,14,3,0.5,70,3.5,2.6,18,483,1,1,1,7,1,0,0,0,58,77.6,48.0,125.0,25.1,2.6,55083,41887,Midfielder,7.0,2025-10-05
121,Damsgaard,Mikkel,Damsgaard,Brentford,14,3,0.6,58,2.8,3.6,18,347,1,0,1,6,0,0,0,1,65,85.8,110.0,40.0,23.7,3.1,33348,79909,Midfielder,5.8,2025-10-05
122,Milambo,Antoni,Milambo,Brentford,14,3,0.0,53,0.0,1.0,1,45,0,0,0,3,0,0,0,0,5,4.0,1.8,0.0,0.6,0.2,1626,4731,Midfielder,5.3,2025-10-05
123,Carvalho,Fábio,Freitas Gouveia Carvalho,Brentford,14,3,0.3,49,2.0,2.8,11,95,1,0,0,4,0,0,0,1,36,38.8,6.2,36.0,8.0,2.2,24748,30651,Midfielder,4.9,2025-10-05
124,Henderson,Jordan,Henderson,Brentford,14,3,0.4,50,3.8,3.1,22,403,0,2,2,6,0,0,0,2,84,77.0,63.0,5.0,14.5,4.4,36303,23965,Midfielder,5.0,2025-10-05
125,Janelt,Vitaly,Janelt,Brentford,14,3,0.0,49,0.5,1.0,2,25,0,0,0,0,0,0,0,0,7,4.8,14.9,0.0,2.0,0.4,458,1383,Midfielder,4.9,2025-10-05
126,Jensen,Mathias,Jensen,Brentford,14,3,0.1,49,2.0,2.8,11,152,1,0,0,4,0,0,0,0,54,60.4,48.4,19.0,12.8,2.2,3137,6091,Midfielder,4.9,2025-10-05
127,Nunes,Gustavo,Nunes Fernandes Gomes,Brentford,14,3,0.0,49,0.0,0.0,0,0,0,0,0,0,0,0,0,0,0,0.0,0.0,0.0,0.0,0.0,121,805,Midfielder,4.9,2025-10-05
128,Onyeka,Frank,Onyeka,Brentford,14,3,0.1,50,0.2,2.5,10,70,0,2,0,2,0,0,0,0,35,24.8,12.7,4.0,4.1,2.0,4125,5126,Midfielder,5.0,2025-10-05
129,Yarmoliuk,Yehor,Yarmoliuk,Brentford,14,3,0.1,50,3.2,3.1,22,529,0,1,1,11,1,0,0,0,91,95.4,57.6,19.0,17.2,4.4,6983,5253,Midfielder,5.0,2025-10-05
130,Donovan,Romelle,Donovan,Brentford,14,3,0.1,45,0.0,0.0,0,0,0,0,0,0,0,0,0,0,0,0.0,0.0,0.0,0.0,0.0,6355,8327,Midfielder,4.5,2025-10-05
131,Konak,Yunus Emre,Konak,Brentford,14,3,0.2,44,0.0,0.0,0,0,0,0,0,0,0,0,0,0,0,0.0,0.0,0.0,0.0,0.0,19224,16621,Midfielder,4.4,2025-10-05
132,Maghoma,Paris,Maghoma,Brentford,14,3,0.0,45,0.0,0.0,0,0,0,0,0,0,0,0,0,0,0,0.0,0.0,0.0,0.0,0.0,236,2001,Midfielder,4.5,2025-10-05
133,Peart-Harris,Myles,Peart-Harris,Brentford,14,3,0.0,44,0.0,0.0,0,0,0,0,0,0,0,0,0,0,0,0.0,0.0,0.0,0.0,0.0,1712,2963,Midfielder,4.4,2025-10-05
134,Trevitt,Ryan,Trevitt,Brentford,14,3,0.0,45,0.0,0.0,0,0,0,0,0,0,0,0,0,0,0,0.0,0.0,0.0,0.0,0.0,0,777,Midfielder,4.5,2025-10-05
136,Thiago,Igor Thiago,Nascimento Rodrigues,Brentford,14,4,2.9,60,4.2,4.4,31,495,4,0,1,10,2,0,0,4,127,170.4,64.4,116.0,35.2,5.2,397296,184578,Forward,6.0,2025-10-05
137,Morgan,Iwan,Morgan,Brentford,14,4,0.4,44,0.0,0.0,0,0,0,0,0,0,0,0,0,0,0,0.0,0.0,0.0,0.0,0.0,31376,38761,Forward,4.4,2025-10-05
138,Steele,Jason,Steele,Brighton,11,1,0.3,44,0.0,0.0,0,0,0,0,0,0,0,0,0,0,0,0.0,0.0,0.0,0.0,0.0,4766,24492,Goalkeeper,4.4,2025-10-05
139,Verbruggen,Bart,Verbruggen,Brighton,11,1,4.5,44,1.5,1.6,11,630,0,0,0,10,0,0,14,0,66,102.0,10.0,0.0,11.1,2.5,88913,386769,Goalkeeper,4.4,2025-10-05
140,McGill,Tom,McGill,Brighton,11,1,0.4,40,0.0,0.0,0,0,0,0,0,0,0,0,0,0,0,0.0,0.0,0.0,0.0,0.0,8965,13778,Goalkeeper,4.0,2025-10-05
141,Rushworth,Carl,Rushworth,Brighton,11,1,0.0,40,0.0,0.0,0,0,0,0,0,0,0,0,0,0,0,0.0,0.0,0.0,0.0,0.0,0,179,Goalkeeper,4.0,2025-10-05
142,Scherpen,Kjell,Scherpen,Brighton,11,1,0.0,40,0.0,0.0,0,0,0,0,0,0,0,0,0,0,0,0.0,0.0,0.0,0.0,0.0,0,159,Goalkeeper,4.0,2025-10-05
143,Boscagli,Olivier,Boscagli,Brighton,11,2,0.1,43,0.0,0.0,0,0,0,0,0,0,0,0,0,0,0,0.0,0.0,0.0,0.0,0.0,2059,7544,Defender,4.3,2025-10-05
144,Coppola,Diego,Coppola,Brighton,11,2,0.1,44,0.2,1.0,2,16,0,0,0,1,0,0,0,0,3,5.4,0.1,0.0,0.6,0.5,1045,4412,Defender,4.4,2025-10-05
145,De Cuyper,Maxim,De Cuyper,Brighton,11,2,2.5,44,2.5,2.3,14,294,1,0,0,5,1,0,0,1,54,61.6,38.2,45.0,14.6,3.2,59601,434271,Defender,4.4,2025-10-05
146,Dunk,Lewis,Dunk,Brighton,11,2,1.2,45,1.8,2.1,15,630,0,1,0,10,3,0,0,0,73,97.0,16.2,32.0,14.6,3.3,51739,66913,Defender,4.5,2025-10-05
147,Estupiñan,Pervis,Estupiñán Tenorio,Brighton,11,2,0.0,45,0.0,0.0,0,0,0,0,0,0,0,0,0,0,0,0.0,0.0,0.0,0.0,0.0,0,1811,Defender,4.5,2025-10-05
148,F.Kadıoğlu,Ferdi,Kadıoğlu,Brighton,11,2,0.1,44,2.2,1.5,9,374,0,0,0,6,2,0,0,0,38,59.2,41.5,6.0,10.7,2.0,6095,12937,Defender,4.4,2025-10-05
150,Lamptey,Tariq,Lamptey,Brighton,11,2,0.1,44,0.0,0.0,0,0,0,0,0,0,0,0,0,0,0,0.0,0.0,0.0,0.0,0.0,2778,33274,Defender,4.4,2025-10-05
151,Van Hecke,Jan Paul,van Hecke,Brighton,11,2,0.8,44,3.8,2.7,19,630,1,0,0,10,2,0,0,0,71,137.6,5.5,43.0,18.7,4.3,25946,61227,Defender,4.4,2025-10-05
152,Veltman,Joël,Veltman,Brighton,11,2,0.2,44,1.5,1.8,7,324,0,0,0,6,2,0,0,0,28,68.2,19.9,6.0,9.5,1.6,6992,17037,Defender,4.4,2025-10-05
153,Webster,Adam,Webster,Brighton,11,2,0.0,44,0.0,0.0,0,0,0,0,0,0,0,0,0,0,0,0.0,0.0,0.0,0.0,0.0,294,1057,Defender,4.4,2025-10-05
154,Cashin,Eiran,Cashin,Brighton,11,2,0.0,40,0.0,0.0,0,0,0,0,0,0,0,0,0,0,0,0.0,0.0,0.0,0.0,0.0,0,618,Defender,4.0,2025-10-05
155,Slater,Jacob,Slater,Brighton,11,2,0.1,40,0.0,0.0,0,0,0,0,0,0,0,0,0,0,0,0.0,0.0,0.0,0.0,0.0,3175,11456,Defender,4.0,2025-10-05
156,Tasker,Charlie,Tasker,Brighton,11,2,0.1,39,0.0,0.0,0,0,0,0,0,0,0,0,0,0,0,0.0,0.0,0.0,0.0,0.0,3692,7874,Defender,3.9,2025-10-05
157,Mitoma,Mitoma,Kaoru,Brighton,11,3,3.8,64,2.8,3.3,20,508,1,1,1,8,1,0,0,0,64,88.4,95.8,88.0,26.9,3.1,157615,500154,Midfielder,6.4,2025-10-05
158,Georginio,Georginio,Rutter,Brighton,11,3,0.4,57,2.2,2.7,16,366,0,2,1,4,1,0,0,0,52,56.4,62.6,48.0,16.7,2.8,35451,142570,Midfielder,5.7,2025-10-05
159,March,Solly,March,Brighton,11,3,0.0,58,0.0,0.0,0,0,0,0,0,0,0,0,0,0,0,0.0,0.0,0.0,0.0,0.0,249,2017,Midfielder,5.8,2025-10-05
160,Minteh,Yankuba,Minteh,Brighton,11,3,3.5,60,5.5,4.4,31,593,1,2,1,8,0,0,0,3,134,121.6,105.6,174.0,40.2,5.2,402277,128038,Midfielder,6.0,2025-10-05
161,Enciso,Julio,Enciso Espínola,Brighton,11,3,0.0,54,0.0,0.0,0,0,0,0,0,0,0,0,0,0,0,0.0,0.0,0.0,0.0,0.0,105,2753,Midfielder,5.4,2025-10-05
162,Gruda,Brajan,Gruda,Brighton,11,3,0.1,54,2.2,2.7,19,218,1,1,0,3,0,0,0,2,56,62.4,38.0,50.0,15.0,3.5,11236,8550,Midfielder,5.4,2025-10-05
163,Hinshelwood,Jack,Hinshelwood,Brighton,11,3,0.0,52,0.2,1.3,4,107,0,0,0,2,0,0,0,0,22,9.4,2.0,0.0,1.2,0.8,1023,9440,Midfielder,5.2,2025-10-05
164,O'Riley,Matt,O'Riley,Brighton,11,3,0.5,55,0.0,6.0,12,177,1,0,1,2,0,0,0,2,36,60.8,66.6,63.0,19.0,2.2,130744,185279,Midfielder,5.5,2025-10-05
165,Sima,Abdallah,Sima,Brighton,11,3,0.0,54,0.0,0.0,0,0,0,0,0,0,0,0,0,0,0,0.0,0.0,0.0,0.0,0.0,247,1975,Midfielder,5.4,2025-10-05
166,Ayari,Yasin,Ayari,Brighton,11,3,0.3,49,3.5,2.9,20,542,1,0,0,9,0,0,0,2,113,87.8,67.3,45.0,20.1,4.1,34331,20460,Midfielder,4.9,2025-10-05
167,Baleba,Carlos,Baleba,Brighton,11,3,2.4,48,0.8,1.1,8,352,0,0,1,5,2,0,0,0,34,13.0,28.9,4.0,4.6,1.7,90933,334151,Midfielder,4.8,2025-10-05
169,Gomez,Diego,Gómez Amarilla,Brighton,11,3,0.1,49,1.0,1.2,7,309,0,0,0,5,2,0,0,0,45,28.2,30.0,14.0,7.3,1.4,9730,5564,Midfielder,4.9,2025-10-05
170,Milner,James,Milner,Brighton,11,3,0.1,50,0.8,2.0,10,137,1,0,0,4,1,0,0,0,41,48.8,16.8,17.0,8.3,2.0,12142,11272,Midfielder,5.0,2025-10-05
171,Sarmiento,Jeremy,Sarmiento Morante,Brighton,11,3,0.0,49,0.0,0.0,0,0,0,0,0,0,0,0,0,0,0,0.0,0.0,0.0,0.0,0.0,196,2576,Midfielder,4.9,2025-10-05
172,Watson,Tom,Watson,Brighton,11,3,0.0,49,0.0,0.0,0,0,0,0,0,0,0,0,0,0,0,0.0,0.0,0.0,0.0,0.0,740,1835,Midfielder,4.9,2025-10-05
173,Wieffer,Mats,Wieffer,Brighton,11,3,0.1,49,1.2,2.4,12,283,0,1,0,4,3,0,0,0,54,67.2,17.6,23.0,10.8,2.4,3525,5518,Midfielder,4.9,2025-10-05
174,Yalcouye,Malick,Yalcouyé,Brighton,11,3,0.0,50,0.0,0.0,0,0,0,0,0,0,0,0,0,0,0,0.0,0.0,0.0,0.0,0.0,0,1183,Midfielder,5.0,2025-10-05
175,Knight,Joe,Knight,Brighton,11,3,0.1,45,0.0,0.0,0,0,0,0,0,0,0,0,0,0,0,0.0,0.0,0.0,0.0,0.0,5230,6384,Midfielder,4.5,2025-10-05
176,Mazilu,Adrian,Mazilu,Brighton,11,3,0.0,45,0.0,0.0,0,0,0,0,0,0,0,0,0,0,0,0.0,0.0,0.0,0.0,0.0,1435,3431,Midfielder,4.5,2025-10-05
177,Moran,Andrew,Moran,Brighton,11,3,0.0,45,0.0,0.0,0,0,0,0,0,0,0,0,0,0,0,0.0,0.0,0.0,0.0,0.0,490,4391,Midfielder,4.5,2025-10-05
178,Welbeck,Danny,Welbeck,Brighton,11,4,2.4,63,3.8,2.6,18,365,2,0,0,8,2,0,0,3,56,70.8,24.5,102.0,19.5,2.9,158391,382836,Forward,6.3,2025-10-05
179,Ferguson,Evan,Ferguson,Brighton,11,4,0.0,55,0.0,0.0,0,0,0,0,0,0,0,0,0,0,0,0.0,0.0,0.0,0.0,0.0,0,1464,Forward,5.5,2025-10-05
180,Tzimas,Stefanos,Tzimas,Brighton,11,4,0.1,53,1.5,2.0,6,48,0,1,0,0,0,0,0,0,17,4.0,10.1,4.0,1.8,1.1,6042,12208,Forward,5.3,2025-10-05
181,Kostoulas,Charalampos,Kostoulas,Brighton,11,4,0.3,49,0.0,0.0,0,0,0,0,0,0,0,0,0,0,0,0.0,0.0,0.0,0.0,0.0,16671,36845,Forward,4.9,2025-10-05
168,Buonanotte,Facundo,Buonanotte,Chelsea,9,3,0.1,48,0.2,1.0,1,45,0,0,0,1,0,0,0,0,4,5.6,25.1,8.0,3.9,0.2,6756,17859,Midfielder,4.8,2025-10-05
220,Sánchez,Robert,Lynch Sánchez,Chelsea,9,1,15.0,49,0.5,2.7,19,544,0,0,2,9,0,1,13,1,69,100.6,20.0,0.0,12.0,3.9,491050,1535430,Goalkeeper,4.9,2025-10-05
221,Jörgensen,Filip,Jörgensen,Chelsea,9,1,0.2,44,0.2,1.0,1,84,0,0,0,2,0,0,1,0,4,9.4,0.0,0.0,0.9,0.2,8849,14370,Goalkeeper,4.4,2025-10-05
222,Penders,Mike,Penders,Chelsea,9,1,0.0,40,0.0,0.0,0,0,0,0,0,0,0,0,0,0,0,0.0,0.0,0.0,0.0,0.0,0,271,Goalkeeper,4.0,2025-10-05
223,Slonina,Gabriel,Słonina,Chelsea,9,1,0.1,40,0.0,0.0,0,0,0,0,0,0,0,0,0,0,0,0.0,0.0,0.0,0.0,0.0,2927,5329,Goalkeeper,4.0,2025-10-05
224,Cucurella,Marc,Cucurella Saseta,Chelsea,9,2,21.8,61,2.0,3.9,27,536,0,2,2,8,2,0,0,4,124,131.0,135.9,49.0,31.6,4.4,1417160,1336604,Defender,6.1,2025-10-05
225,James,Reece,James,Chelsea,9,2,4.3,54,3.0,2.7,19,423,0,2,1,7,2,0,0,0,89,96.6,139.7,26.0,26.3,3.5,208980,394396,Defender,5.4,2025-10-05
226,Chalobah,Trevoh,Chalobah,Chelsea,9,2,7.5,51,2.0,5.8,35,480,2,1,2,8,1,1,0,2,117,180.4,35.6,76.0,29.1,6.9,1270754,686678,Defender,5.1,2025-10-05
227,Colwill,Levi,Samuels Colwill,Chelsea,9,2,0.1,48,0.0,0.0,0,0,0,0,0,0,0,0,0,0,0,0.0,0.0,0.0,0.0,0.0,555,27858,Defender,4.8,2025-10-05
228,Gusto,Malo,Gusto,Chelsea,9,2,1.2,49,1.5,2.5,15,312,0,1,1,5,0,0,0,0,52,52.6,37.9,14.0,10.4,3.1,50689,123209,Defender,4.9,2025-10-05
229,B.Badiashile,Benoît,Badiashile Mukinayi,Chelsea,9,2,0.0,44,0.0,0.0,0,65,0,0,0,2,1,0,0,0,3,16.0,1.7,0.0,1.8,0.0,1159,1503,Defender,4.4,2025-10-05
230,Fofana,Wesley,Fofana,Chelsea,9,2,0.2,44,0.5,1.0,3,129,0,0,0,3,0,0,0,0,18,27.2,4.3,0.0,3.2,0.7,8451,19961,Defender,4.4,2025-10-05
231,M.Sarr,Mamadou,Sarr,Chelsea,9,2,0.0,45,0.0,0.0,0,0,0,0,0,0,0,0,0,0,0,0.0,0.0,0.0,0.0,0.0,0,1787,Defender,4.5,2025-10-05
232,Tosin,Tosin,Adarabioyo,Chelsea,9,2,0.6,44,0.2,2.8,11,353,0,0,1,5,1,0,0,0,53,99.0,6.4,11.0,11.7,2.5,83756,159332,Defender,4.4,2025-10-05
233,Acheampong,Josh,Acheampong,Chelsea,9,2,1.2,40,0.5,3.7,11,193,0,0,1,4,0,0,0,3,28,17.8,3.0,10.0,3.1,2.8,267212,230655,Defender,4.0,2025-10-05
234,Anselmino,Aarón,Anselmino,Chelsea,9,2,0.1,40,0.0,0.0,0,0,0,0,0,0,0,0,0,0,0,0.0,0.0,0.0,0.0,0.0,1030,8450,Defender,4.0,2025-10-05
235,Palmer,Cole,Palmer,Chelsea,9,3,11.9,103,2.0,3.7,11,144,1,0,1,2,0,0,0,1,36,44.4,19.2,65.0,12.9,1.1,674728,5992449,Midfielder,10.3,2025-10-05
236,Neto,Pedro,Lomba Neto,Chelsea,9,3,4.0,70,1.8,2.9,20,508,1,0,2,5,0,0,0,0,91,77.6,143.3,80.0,30.1,2.9,400902,443796,Midfielder,7.0,2025-10-05
237,Enzo,Enzo,Fernández,Chelsea,9,3,14.4,67,4.0,5.9,41,618,3,2,2,9,1,0,0,3,145,188.4,140.8,159.0,48.9,6.1,1706944,616326,Midfielder,6.7,2025-10-05
238,Estêvão,Estêvão,Almeida de Oliveira Gonçalves,Chelsea,9,3,1.8,65,3.0,3.3,20,262,1,1,2,1,1,0,0,2,70,92.6,74.4,133.0,30.1,3.1,224030,249233,Midfielder,6.5,2025-10-05
239,Gittens,Jamie,Bynoe-Gittens,Chelsea,9,3,0.1,62,0.5,1.0,5,158,0,0,0,1,0,0,0,0,18,21.8,40.9,45.0,10.8,0.8,6116,27722,Midfielder,6.2,2025-10-05
240,Nkunku,Christopher,Nkunku,Chelsea,9,3,0.1,59,0.0,0.0,0,0,0,0,0,0,0,0,0,0,0,0.0,0.0,0.0,0.0,0.0,2668,22270,Midfielder,5.9,2025-10-05
241,Caicedo,Moisés,Caicedo Corozo,Chelsea,9,3,12.4,57,7.0,6.4,45,630,3,0,2,9,1,0,0,7,187,245.2,58.9,51.0,35.5,7.9,1165041,463626,Midfielder,5.7,2025-10-05
243,George,Tyrique,George,Chelsea,9,3,0.1,49,0.0,1.0,3,137,0,0,1,1,2,0,0,0,-2,8.2,7.0,52.0,6.7,0.6,3357,4752,Midfielder,4.9,2025-10-05
244,Lavia,Roméo,Lavia,Chelsea,9,3,0.0,49,0.5,1.0,2,46,0,0,0,3,0,0,0,0,10,9.6,3.3,0.0,1.3,0.4,546,1990,Midfielder,4.9,2025-10-05
245,Mudryk,Mykhailo,Mudryk,Chelsea,9,3,0.0,50,0.0,0.0,0,0,0,0,0,0,0,0,0,0,0,0.0,0.0,0.0,0.0,0.0,397,693,Midfielder,5.0,2025-10-05
246,Andrey Santos,Andrey,Nascimento dos Santos,Chelsea,9,3,0.3,45,0.8,1.0,5,170,0,0,0,1,1,0,0,0,30,21.8,43.4,32.0,9.8,1.1,32976,35690,Midfielder,4.5,2025-10-05
247,D.Essugo,Dário,Luís Essugo,Chelsea,9,3,0.0,44,0.0,0.0,0,0,0,0,0,0,0,0,0,0,0,0.0,0.0,0.0,0.0,0.0,2941,5595,Midfielder,4.4,2025-10-05
248,Paez,Kendry,Páez Andrade,Chelsea,9,3,0.0,45,0.0,0.0,0,0,0,0,0,0,0,0,0,0,0,0.0,0.0,0.0,0.0,0.0,0,852,Midfielder,4.5,2025-10-05
249,João Pedro,João Pedro,Junqueira de Jesus,Chelsea,9,4,62.3,77,3.2,5.6,39,583,2,3,2,8,0,0,0,8,149,163.2,115.6,132.0,40.6,5.1,2796566,1829506,Forward,7.7,2025-10-05
250,Delap,Liam,Delap,Chelsea,9,4,1.0,62,0.0,1.3,4,91,0,0,0,1,0,0,0,0,12,8.0,3.5,43.0,5.0,0.6,38652,380829,Forward,6.2,2025-10-05
251,N.Jackson,Nicolas,Jackson,Chelsea,9,4,0.1,65,0.0,0.0,0,0,0,0,0,0,0,0,0,0,0,0.0,0.0,0.0,0.0,0.0,4962,14109,Forward,6.5,2025-10-05
252,Marc Guiu,Marc,Guiu Paz,Chelsea,9,4,7.8,43,0.2,1.0,3,29,0,0,0,1,0,0,0,0,6,1.0,1.6,10.0,0.8,0.7,410312,1653971,Forward,4.3,2025-10-05
453,Garnacho,Alejandro,Garnacho Ferreyra,Chelsea,9,3,0.3,64,0.8,1.5,3,85,0,0,0,2,0,0,0,0,12,3.8,15.5,15.0,3.5,0.5,30188,30604,Midfielder,6.4,2025-10-05
672,Hato,Jorrel,Hato,Chelsea,9,2,0.2,48,0.8,0.8,3,166,0,0,0,2,2,0,0,0,5,23.8,3.3,6.0,3.2,0.6,7130,26814,Defender,4.8,2025-10-05
743,Emenalo,Landon,Emenalo,Chelsea,9,3,0.0,45,0.0,0.0,0,0,0,0,0,0,0,0,0,0,0,0.0,0.0,0.0,0.0,0.0,33,5,Midfielder,4.5,2025-10-05
253,Henderson,Dean,Henderson,Crystal Palace,5,1,8.0,50,3.0,3.9,27,630,0,0,3,5,1,0,16,0,126,102.6,10.0,0.0,11.1,5.4,366528,274304,Goalkeeper,5.0,2025-10-05
254,Benitez,Walter,Benítez,Crystal Palace,5,1,0.3,40,0.0,0.0,0,0,0,0,0,0,0,0,0,0,0,0.0,0.0,0.0,0.0,0.0,6618,17370,Goalkeeper,4.0,2025-10-05
255,Matthews,Remi,Matthews,Crystal Palace,5,1,0.1,40,0.0,0.0,0,0,0,0,0,0,0,0,0,0,0,0.0,0.0,0.0,0.0,0.0,2398,3934,Goalkeeper,4.0,2025-10-05
256,Muñoz,Daniel,Muñoz Mejía,Crystal Palace,5,2,12.4,56,4.2,5.1,36,630,1,1,3,5,3,0,0,1,132,101.2,76.6,118.0,29.5,6.4,1059932,587899,Defender,5.6,2025-10-05
257,Lacroix,Maxence,Lacroix,Crystal Palace,5,2,4.2,51,3.8,5.3,37,630,0,1,3,5,1,0,0,2,130,146.4,15.7,34.0,19.6,7.3,540289,223971,Defender,5.1,2025-10-05
258,Mitchell,Tyrick,Mitchell,Crystal Palace,5,2,2.5,50,4.8,5.0,35,630,1,0,3,5,2,0,0,2,143,159.0,122.6,45.0,32.7,7.0,210929,89226,Defender,5.0,2025-10-05
259,Sosa,Borna,Sosa,Crystal Palace,5,2,0.1,49,0.0,0.0,0,0,0,0,0,0,0,0,0,0,0,0.0,0.0,0.0,0.0,0.0,4432,9473,Defender,4.9,2025-10-05
260,Guéhi,Marc,Guéhi,Crystal Palace,5,2,30.4,48,5.8,6.6,46,630,1,2,3,5,0,0,0,3,154,153.6,37.6,39.0,23.1,9.6,2526664,447350,Defender,4.8,2025-10-05
261,Richards,Chris,Richards,Crystal Palace,5,2,3.1,45,4.2,4.7,33,630,0,0,3,5,0,0,0,0,130,142.4,21.7,18.0,18.3,7.3,364276,163608,Defender,4.5,2025-10-05
262,Chadi Riad,Chadi,Riad Dnanou,Crystal Palace,5,2,0.0,40,0.0,0.0,0,0,0,0,0,0,0,0,0,0,0,0.0,0.0,0.0,0.0,0.0,327,633,Defender,4.0,2025-10-05
263,Clyne,Nathaniel,Clyne,Crystal Palace,5,2,0.5,39,0.0,1.0,1,4,0,0,0,0,0,0,0,0,5,3.4,0.5,0.0,0.4,0.3,13734,32502,Defender,3.9,2025-10-05
264,Holding,Rob,Holding,Crystal Palace,5,2,0.0,40,0.0,0.0,0,0,0,0,0,0,0,0,0,0,0,0.0,0.0,0.0,0.0,0.0,0,3192,Defender,4.0,2025-10-05
265,Kporha,Caleb,Kporha,Crystal Palace,5,2,0.0,40,0.0,0.0,0,0,0,0,0,0,0,0,0,0,0,0.0,0.0,0.0,0.0,0.0,289,1595,Defender,4.0,2025-10-05
267,Sarr,Ismaïla,Sarr,Crystal Palace,5,3,5.7,65,4.0,6.8,34,432,3,1,3,2,1,0,0,4,107,116.4,33.4,110.0,26.1,5.2,881597,764790,Midfielder,6.5,2025-10-05
268,Doucouré,Cheick,Doucouré,Crystal Palace,5,3,0.0,49,0.0,0.0,0,0,0,0,0,0,0,0,0,0,0,0.0,0.0,0.0,0.0,0.0,187,413,Midfielder,4.9,2025-10-05
269,Esse,Romain,Esse,Crystal Palace,5,3,0.2,48,0.0,1.0,1,24,0,0,0,0,0,0,0,0,6,4.6,0.4,2.0,0.7,0.2,7218,18479,Midfielder,4.8,2025-10-05
270,Hughes,Will,Hughes,Crystal Palace,5,3,0.1,49,1.5,1.8,11,411,0,0,3,3,3,0,0,0,44,52.4,74.4,18.0,14.5,2.2,9327,11332,Midfielder,4.9,2025-10-05
271,Kamada,Daichi,Kamada,Crystal Palace,5,3,0.1,50,3.5,4.0,20,436,0,2,2,3,0,0,0,0,91,46.0,79.0,35.0,16.0,4.0,27025,15070,Midfielder,5.0,2025-10-05
272,Lerma,Jefferson,Lerma Solís,Crystal Palace,5,3,0.1,49,1.2,1.1,8,179,0,0,1,2,1,0,0,0,27,20.4,19.3,43.0,8.3,1.6,2085,4425,Midfielder,4.9,2025-10-05
273,Wharton,Adam,Wharton,Crystal Palace,5,3,0.5,50,3.2,3.2,19,451,0,1,2,4,1,0,0,2,106,50.2,139.7,7.0,19.6,3.8,31480,48434,Midfielder,5.0,2025-10-05
274,Agbinone,Asher,Agbinone,Crystal Palace,5,3,0.1,45,0.0,0.0,0,0,0,0,0,0,0,0,0,0,0,0.0,0.0,0.0,0.0,0.0,2320,3891,Midfielder,4.5,2025-10-05
275,Ahamada,Naouirou,Ahamada,Crystal Palace,5,3,0.0,44,0.0,0.0,0,0,0,0,0,0,0,0,0,0,0,0.0,0.0,0.0,0.0,0.0,2833,3256,Midfielder,4.4,2025-10-05
276,Devenny,Justin,Devenny,Crystal Palace,5,3,1.3,45,1.0,1.1,8,145,0,0,0,3,0,0,0,0,30,16.2,31.4,36.0,8.4,1.8,72501,119078,Midfielder,4.5,2025-10-05
277,Ebiowei,Malcolm,Ebiowei,Crystal Palace,5,3,0.0,45,0.0,0.0,0,0,0,0,0,0,0,0,0,0,0,0.0,0.0,0.0,0.0,0.0,0,644,Midfielder,4.5,2025-10-05
278,J.Rak-Sakyi,Jesurun,Rak-Sakyi,Crystal Palace,5,3,0.1,44,0.0,0.0,0,0,0,0,0,0,0,0,0,0,0,0.0,0.0,0.0,0.0,0.0,4176,6649,Midfielder,4.4,2025-10-05
279,M.França,Matheus,França de Oliveira,Crystal Palace,5,3,0.0,45,0.0,0.0,0,0,0,0,0,0,0,0,0,0,0,0.0,0.0,0.0,0.0,0.0,95,1387,Midfielder,4.5,2025-10-05
280,Ozoh,David,Ozoh,Crystal Palace,5,3,0.0,45,0.0,0.0,0,0,0,0,0,0,0,0,0,0,0,0.0,0.0,0.0,0.0,0.0,0,161,Midfielder,4.5,2025-10-05
281,Rodney,Kaden,Rodney,Crystal Palace,5,3,0.0,45,0.0,0.0,0,0,0,0,0,0,0,0,0,0,0,0.0,0.0,0.0,0.0,0.0,1953,2879,Midfielder,4.5,2025-10-05
282,Umeh,Franco,Umeh-Chibueze,Crystal Palace,5,3,0.0,45,0.0,0.0,0,0,0,0,0,0,0,0,0,0,0,0.0,0.0,0.0,0.0,0.0,860,2229,Midfielder,4.5,2025-10-05
283,Mateta,Jean-Philippe,Mateta,Crystal Palace,5,4,10.1,75,3.0,2.9,20,600,2,0,4,3,2,0,0,0,73,110.2,25.4,189.0,32.5,2.7,1164020,1038213,Forward,7.5,2025-10-05
284,Nketiah,Eddie,Nketiah,Crystal Palace,5,4,0.4,54,1.5,2.0,6,50,1,0,0,3,1,0,0,0,30,34.4,20.5,30.0,8.5,1.1,32876,31686,Forward,5.4,2025-10-05
285,Édouard,Odsonne,Édouard,Crystal Palace,5,4,0.3,50,0.0,1.0,1,2,0,0,0,0,0,0,0,0,6,2.0,0.0,0.0,0.2,0.2,9044,79585,Forward,5.0,2025-10-05
286,Marsh,Zach,Marsh,Crystal Palace,5,4,0.3,45,0.0,0.0,0,0,0,0,0,0,0,0,0,0,0,0.0,0.0,0.0,0.0,0.0,22726,24906,Forward,4.5,2025-10-05
690,Cardines,Rio,Cardines,Crystal Palace,5,3,0.4,44,0.0,0.0,0,0,0,0,0,0,0,0,0,0,0,0.0,0.0,0.0,0.0,0.0,40927,18777,Midfielder,4.4,2025-10-05
712,Yeremy,Yéremy,Pino Santos,Crystal Palace,5,3,0.1,59,2.0,1.8,9,307,0,0,2,1,1,0,0,0,39,18.8,53.2,42.0,11.1,1.5,38810,24923,Midfielder,5.9,2025-10-05
723,Canvot,Jaydee,Canvot,Crystal Palace,5,2,0.0,45,0.0,0.0,0,0,0,0,0,0,0,0,0,0,0,0.0,0.0,0.0,0.0,0.0,585,344,Defender,4.5,2025-10-05
732,Uche,Christantus,Uche,Crystal Palace,5,4,0.0,55,0.5,1.0,2,7,0,0,0,1,0,0,0,0,9,3.4,0.8,19.0,2.3,0.4,4130,2200,Forward,5.5,2025-10-05
242,Dewsbury-Hall,Kiernan,Dewsbury-Hall,Everton,10,3,3.8,50,1.0,3.3,20,540,1,1,2,6,5,0,0,3,105,97.0,200.6,62.0,36.0,4.0,431524,496054,Midfielder,5.0,2025-10-05
287,Pickford,Jordan,Pickford,Everton,10,1,10.7,55,3.0,4.3,30,630,0,0,2,7,0,0,17,3,115,131.2,0.0,0.0,13.1,5.5,364799,451840,Goalkeeper,5.5,2025-10-05
288,Travers,Mark,Travers,Everton,10,1,0.1,44,0.0,0.0,0,0,0,0,0,0,0,0,0,0,0,0.0,0.0,0.0,0.0,0.0,2095,6622,Goalkeeper,4.4,2025-10-05
289,Tyrer,Harry,Tyrer,Everton,10,1,0.1,40,0.0,0.0,0,0,0,0,0,0,0,0,0,0,0,0.0,0.0,0.0,0.0,0.0,2093,4575,Goalkeeper,4.0,2025-10-05
290,Branthwaite,Jarrad,Branthwaite,Everton,10,2,0.2,53,0.0,0.0,0,0,0,0,0,0,0,0,0,0,0,0.0,0.0,0.0,0.0,0.0,935,61289,Defender,5.3,2025-10-05
291,Tarkowski,James,Tarkowski,Everton,10,2,7.9,55,4.0,4.4,31,630,0,0,2,7,1,0,0,0,110,152.8,37.0,17.0,20.7,5.6,528521,397216,Defender,5.5,2025-10-05
292,Mykolenko,Vitalii,Mykolenko,Everton,10,2,0.4,49,1.5,1.8,7,355,0,0,0,6,1,0,0,0,23,39.8,20.2,8.0,6.8,1.4,14147,68262,Defender,4.9,2025-10-05
293,O'Brien,Jake,O'Brien,Everton,10,2,0.5,50,3.2,3.1,22,630,0,0,2,7,0,0,0,0,77,65.8,41.3,25.0,13.3,4.4,26092,37333,Defender,5.0,2025-10-05
294,Coleman,Séamus,Coleman,Everton,10,2,0.1,44,0.2,1.0,2,2,0,0,0,0,0,0,0,0,7,0.0,0.0,0.0,0.0,0.5,3551,10117,Defender,4.4,2025-10-05
295,Keane,Michael,Keane,Everton,10,2,1.0,45,5.5,5.0,35,604,1,0,2,7,0,0,0,1,102,158.2,13.3,59.0,23.0,7.8,110808,47599,Defender,4.5,2025-10-05
296,Patterson,Nathan,Patterson,Everton,10,2,0.0,44,0.0,0.0,0,0,0,0,0,0,0,0,0,0,0,0.0,0.0,0.0,0.0,0.0,551,2184,Defender,4.4,2025-10-05
297,Dixon,Roman,Dixon,Everton,10,2,0.2,39,0.0,0.0,0,0,0,0,0,0,0,0,0,0,0,0.0,0.0,0.0,0.0,0.0,4597,11294,Defender,3.9,2025-10-05
298,Welch,Reece,Welch,Everton,10,2,0.1,39,0.0,0.0,0,0,0,0,0,0,0,0,0,0,0,0.0,0.0,0.0,0.0,0.0,3839,7876,Defender,3.9,2025-10-05
299,Ndiaye,Iliman,Ndiaye,Everton,10,3,10.7,65,4.8,5.1,36,588,3,1,2,7,2,0,0,0,146,154.2,119.0,102.0,37.6,5.5,811763,788222,Midfielder,6.5,2025-10-05
300,McNeil,Dwight,McNeil,Everton,10,3,0.1,56,0.0,1.0,1,19,0,0,0,0,0,0,0,0,2,0.0,11.3,8.0,1.8,0.2,5113,35767,Midfielder,5.6,2025-10-05
301,Alcaraz,Carlos,Alcaraz Durán,Everton,10,3,0.1,53,0.5,1.0,5,162,0,0,0,1,1,0,0,0,27,14.6,4.8,21.0,4.0,0.9,3637,13293,Midfielder,5.3,2025-10-05
302,Gana,Idrissa Gana,Gueye,Everton,10,3,0.1,54,4.2,3.4,24,615,1,0,2,6,0,0,0,1,119,94.2,57.5,59.0,21.1,4.4,11507,9669,Midfielder,5.4,2025-10-05
303,Garner,James,Garner,Everton,10,3,1.0,50,4.2,4.7,33,630,1,1,2,7,2,0,0,5,166,164.2,115.1,64.0,34.4,6.6,136901,40596,Midfielder,5.0,2025-10-05
304,Iroegbunam,Tim,Iroegbunam,Everton,10,3,0.0,49,1.5,2.2,11,244,0,1,3,1,3,0,0,0,34,32.4,5.1,5.0,4.3,2.2,766,1872,Midfielder,4.9,2025-10-05
305,Armstrong,Harrison,Armstrong,Everton,10,3,0.1,45,0.0,1.0,1,1,0,0,0,0,0,0,0,0,3,0.0,0.0,0.0,0.0,0.2,3524,12143,Midfielder,4.5,2025-10-05
306,Bates,Callum,Bates,Everton,10,3,0.1,45,0.0,0.0,0,0,0,0,0,0,0,0,0,0,0,0.0,0.0,0.0,0.0,0.0,4084,6267,Midfielder,4.5,2025-10-05
307,Ebere,Coby,Ebere,Everton,10,3,0.0,45,0.0,0.0,0,0,0,0,0,0,0,0,0,0,0,0.0,0.0,0.0,0.0,0.0,1782,2955,Midfielder,4.5,2025-10-05
308,Heath,Isaac,Heath,Everton,10,3,0.0,45,0.0,0.0,0,0,0,0,0,0,0,0,0,0,0,0.0,0.0,0.0,0.0,0.0,458,3079,Midfielder,4.5,2025-10-05
309,Metcalfe,Jenson,Metcalfe,Everton,10,3,0.0,45,0.0,0.0,0,0,0,0,0,0,0,0,0,0,0,0.0,0.0,0.0,0.0,0.0,0,94,Midfielder,4.5,2025-10-05
310,Barry,Thierno,Barry,Everton,10,4,0.4,58,1.0,1.1,8,207,0,0,1,2,0,0,0,0,10,8.6,9.9,29.0,4.0,1.4,20384,64519,Forward,5.8,2025-10-05
311,Beto,Norberto Bercique,Gomes Betuncal,Everton,10,4,4.3,53,1.5,2.1,15,423,1,0,1,5,1,0,0,1,37,47.4,20.0,112.0,16.9,2.8,270156,702940,Forward,5.3,2025-10-05
312,Y.Chermiti,Youssef,Ramalho Chermiti,Everton,10,4,0.1,49,0.0,0.0,0,0,0,0,0,0,0,0,0,0,0,0.0,0.0,0.0,0.0,0.0,2418,12787,Forward,4.9,2025-10-05
313,Sherif,Martin,Sherif,Everton,10,4,0.2,44,0.0,0.0,0,0,0,0,0,0,0,0,0,0,0,0.0,0.0,0.0,0.0,0.0,8006,19179,Forward,4.4,2025-10-05
419,Grealish,Jack,Grealish,Everton,10,3,21.1,69,3.0,4.9,34,556,1,4,2,7,2,0,0,4,178,162.4,224.3,141.0,52.8,4.9,2917421,1015463,Midfielder,6.9,2025-10-05
630,King,Tom,King,Everton,10,1,1.2,40,0.0,0.0,0,0,0,0,0,0,0,0,0,0,0,0.0,0.0,0.0,0.0,0.0,12144,43450,Goalkeeper,4.0,2025-10-05
667,Aznou,Adam,Aznou,Everton,10,2,0.1,44,0.0,0.0,0,0,0,0,0,0,0,0,0,0,0,0.0,0.0,0.0,0.0,0.0,1250,9156,Defender,4.4,2025-10-05
704,Onyango,Tyler,Onyango,Everton,10,3,0.1,45,0.0,0.0,0,0,0,0,0,0,0,0,0,0,0,0.0,0.0,0.0,0.0,0.0,8420,7968,Midfielder,4.5,2025-10-05
705,Campbell,Elijah,Campbell,Everton,10,2,0.2,40,0.0,0.0,0,0,0,0,0,0,0,0,0,0,0,0.0,0.0,0.0,0.0,0.0,13257,7290,Defender,4.0,2025-10-05
707,Dibling,Tyler,Dibling,Everton,10,3,0.0,55,0.8,1.0,3,58,0,0,0,1,0,0,0,0,8,3.0,0.8,0.0,0.3,0.5,3607,2332,Midfielder,5.5,2025-10-05
728,Röhl,Merlin,Röhl,Everton,10,3,0.0,50,0.2,1.0,1,24,0,0,0,0,0,0,0,0,5,3.0,10.7,1.0,1.5,0.2,331,330,Midfielder,5.0,2025-10-05
314,Leno,Bernd,Leno,Fulham,12,1,1.5,50,3.0,2.9,20,630,0,0,1,11,1,0,19,1,81,151.4,0.0,0.0,15.1,4.0,50854,74992,Goalkeeper,5.0,2025-10-05
315,Benda,Steven,Benda,Fulham,12,1,0.0,40,0.0,0.0,0,0,0,0,0,0,0,0,0,0,0,0.0,0.0,0.0,0.0,0.0,0,343,Goalkeeper,4.0,2025-10-05
316,Robinson,Antonee,Robinson,Fulham,12,2,0.8,50,0.2,1.0,3,61,0,0,0,0,0,0,0,0,12,13.6,22.8,4.0,4.1,0.6,52810,79400,Defender,5.0,2025-10-05
317,Andersen,Joachim,Andersen,Fulham,12,2,4.1,45,5.0,4.1,29,630,0,0,1,11,0,0,0,2,102,176.4,29.1,31.0,23.6,6.4,360400,196790,Defender,4.5,2025-10-05
318,Bassey,Calvin,Bassey,Fulham,12,2,0.5,45,3.5,2.6,18,630,0,0,1,11,2,0,0,3,66,114.0,20.5,9.0,14.4,4.0,33856,28652,Defender,4.5,2025-10-05
319,Castagne,Timothy,Castagne,Fulham,12,2,0.1,44,1.0,1.4,7,306,0,0,0,9,0,0,0,0,19,50.6,51.8,37.0,13.9,1.6,4456,8984,Defender,4.4,2025-10-05
320,Diop,Issa,Diop,Fulham,12,2,0.1,44,0.5,2.0,2,85,0,0,0,2,1,0,0,0,5,18.2,0.8,0.0,1.9,0.5,1731,4962,Defender,4.4,2025-10-05
321,J.Cuenca,Jorge,Cuenca Barreno,Fulham,12,2,0.0,44,0.2,1.5,3,87,0,0,0,1,0,0,0,0,16,14.6,1.2,4.0,2.0,0.7,630,2283,Defender,4.4,2025-10-05
322,Tete,Kenny,Tete,Fulham,12,2,0.2,45,2.0,3.0,15,450,0,0,1,5,0,0,0,0,76,86.8,40.5,14.0,14.2,3.3,14452,16749,Defender,4.5,2025-10-05
323,Amissah,Samuel,Amissah,Fulham,12,2,0.1,39,0.0,0.0,0,0,0,0,0,0,0,0,0,0,0,0.0,0.0,0.0,0.0,0.0,3344,8466,Defender,3.9,2025-10-05
324,Iwobi,Alex,Iwobi,Fulham,12,3,1.7,65,5.0,4.3,30,541,1,2,1,10,1,0,0,5,112,117.0,160.0,49.0,32.6,4.6,151944,132621,Midfielder,6.5,2025-10-05
325,Smith Rowe,Emile,Smith Rowe,Fulham,12,3,0.6,58,1.0,1.7,12,124,1,0,0,1,0,0,0,0,39,42.0,28.3,40.0,11.0,2.1,36385,85867,Midfielder,5.8,2025-10-05
326,Adama,Adama,Traoré Diarra,Fulham,12,3,0.2,53,1.0,1.2,6,143,0,0,0,4,0,0,0,0,18,14.0,50.3,18.0,7.9,1.1,4859,22133,Midfielder,5.3,2025-10-05
327,Andreas,Andreas,Hoelgebaum Pereira,Fulham,12,3,0.1,53,0.0,0.0,0,0,0,0,0,0,0,0,0,0,0,0.0,0.0,0.0,0.0,0.0,2438,33027,Midfielder,5.3,2025-10-05
328,Sessegnon,Ryan,Sessegnon,Fulham,12,3,0.1,54,4.8,3.8,23,476,1,1,1,10,0,0,0,2,100,125.8,63.1,72.0,26.0,4.3,5611,3892,Midfielder,5.4,2025-10-05
329,Wilson,Harry,Wilson,Fulham,12,3,0.4,53,3.5,3.0,21,437,1,1,1,5,1,0,0,2,88,75.2,71.3,92.0,23.8,4.0,22089,87912,Midfielder,5.3,2025-10-05
330,Berge,Sander,Berge,Fulham,12,3,0.1,50,2.5,2.3,16,598,0,0,1,11,1,0,0,0,83,71.4,44.5,13.0,12.9,3.2,2377,4053,Midfielder,5.0,2025-10-05
331,Cairney,Tom,Cairney,Fulham,12,3,0.0,49,1.0,1.0,4,110,0,0,0,3,1,0,0,0,15,1.6,21.7,13.0,3.7,0.8,701,2229,Midfielder,4.9,2025-10-05
332,Lukić,Saša,Lukić,Fulham,12,3,0.1,50,3.0,2.6,18,548,0,2,1,8,4,0,0,0,91,78.4,191.8,36.0,30.6,3.6,5720,5800,Midfielder,5.0,2025-10-05
333,Godo,Martial,Godo,Fulham,12,3,0.0,45,0.0,0.0,0,0,0,0,0,0,0,0,0,0,0,0.0,0.0,0.0,0.0,0.0,898,5386,Midfielder,4.5,2025-10-05
334,Harris,Luke,Harris,Fulham,12,3,0.0,45,0.0,0.0,0,0,0,0,0,0,0,0,0,0,0,0.0,0.0,0.0,0.0,0.0,0,260,Midfielder,4.5,2025-10-05
335,King,Josh,King,Fulham,12,3,4.0,45,1.5,1.7,12,467,0,0,1,8,2,0,0,0,49,46.6,45.0,123.0,20.8,2.7,618138,255369,Midfielder,4.5,2025-10-05
336,Reed,Harrison,Reed,Fulham,12,3,0.3,44,0.0,0.0,0,0,0,0,0,0,0,0,0,0,0,0.0,0.0,0.0,0.0,0.0,23312,23985,Midfielder,4.4,2025-10-05
337,Raúl,Raúl,Jiménez Rodríguez,Fulham,12,4,0.9,62,2.0,2.0,12,141,1,0,0,1,0,0,0,1,33,37.2,7.9,53.0,9.1,1.9,37178,183672,Forward,6.2,2025-10-05
338,Muniz,Rodrigo,Muniz Carvalho,Fulham,12,4,1.8,55,1.8,3.0,15,314,1,1,1,4,1,0,0,3,38,58.8,41.7,103.0,20.0,2.7,246878,298419,Forward,5.5,2025-10-05
664,Lecomte,Benjamin,Lecomte,Fulham,12,1,0.7,40,0.0,0.0,0,0,0,0,0,0,0,0,0,0,0,0.0,0.0,0.0,0.0,0.0,7594,22091,Goalkeeper,4.0,2025-10-05
727,Chukwueze,Samuel,Chukwueze,Fulham,12,3,0.0,54,1.2,2.5,5,33,0,1,0,3,0,0,0,0,20,21.0,25.4,14.0,6.1,0.9,4486,2980,Midfielder,5.4,2025-10-05
731,Kevin,Kevin,Santos Lopes de Macedo,Fulham,12,3,0.1,60,0.8,0.8,3,85,0,0,0,3,1,0,0,0,16,24.6,28.2,16.0,6.9,0.5,19931,11304,Midfielder,6.0,2025-10-05
737,Kusi-Asare,Jonah,Kusi-Asare,Fulham,12,4,0.0,45,0.0,0.0,0,0,0,0,0,0,0,0,0,0,0,0.0,0.0,0.0,0.0,0.0,6210,2590,Forward,4.5,2025-10-05
339,Meslier,Illan,Meslier,Leeds,13,1,0.5,44,0.0,0.0,0,0,0,0,0,0,0,0,0,0,0,0.0,0.0,0.0,0.0,0.0,6443,41381,Goalkeeper,4.4,2025-10-05
340,Cairns,Alex,Cairns,Leeds,13,1,0.2,40,0.0,0.0,0,0,0,0,0,0,0,0,0,0,0,0.0,0.0,0.0,0.0,0.0,3584,7061,Goalkeeper,4.0,2025-10-05
341,Darlow,Karl,Darlow,Leeds,13,1,2.5,40,2.2,2.2,9,360,0,0,0,6,0,0,12,0,54,98.6,0.0,0.0,9.9,2.2,74565,114365,Goalkeeper,4.0,2025-10-05
342,Bogle,Jayden,Bogle,Leeds,13,2,0.2,45,3.0,3.3,23,612,0,1,2,10,2,0,0,0,68,95.2,38.0,38.0,17.1,5.1,9128,10167,Defender,4.5,2025-10-05
343,Struijk,Pascal,Struijk,Leeds,13,2,0.4,45,2.5,3.4,24,630,0,0,2,11,0,0,0,2,88,128.8,26.3,47.0,20.3,5.3,24544,24984,Defender,4.5,2025-10-05
344,Bijol,Jaka,Bijol,Leeds,13,2,0.1,39,0.0,0.0,0,0,0,0,0,0,0,0,0,0,0,0.0,0.0,0.0,0.0,0.0,6873,13410,Defender,3.9,2025-10-05
345,Bornauw,Sebastiaan,Bornauw,Leeds,13,2,0.1,39,0.0,0.0,0,0,0,0,0,0,0,0,0,0,0,0.0,0.0,0.0,0.0,0.0,3892,4576,Defender,3.9,2025-10-05
346,Byram,Sam,Byram,Leeds,13,2,0.3,39,0.0,1.0,1,7,0,0,0,1,0,0,0,0,-2,0.0,0.0,0.0,0.0,0.3,16364,15519,Defender,3.9,2025-10-05
347,Gudmundsson,Gabriel,Gudmundsson,Leeds,13,2,5.7,40,1.5,3.3,23,607,0,0,2,11,1,0,0,6,66,109.0,80.2,35.0,22.4,5.8,566646,229171,Defender,4.0,2025-10-05
348,Rodon,Joe,Rodon,Leeds,13,2,5.3,40,3.5,4.3,30,630,1,0,2,11,0,0,0,2,100,167.6,4.6,66.0,23.8,7.5,545560,174192,Defender,4.0,2025-10-05
349,Schmidt,Isaac,Schmidt,Leeds,13,2,0.1,40,0.0,0.0,0,0,0,0,0,0,0,0,0,0,0,0.0,0.0,0.0,0.0,0.0,788,12441,Defender,4.0,2025-10-05
350,Aaronson,Brenden,Aaronson,Leeds,13,3,0.1,54,4.0,2.7,19,395,0,2,1,5,1,0,0,0,90,53.0,71.2,82.0,20.6,3.5,3814,5492,Midfielder,5.4,2025-10-05
351,Gnonto,Wilfried,Gnonto,Leeds,13,3,0.1,52,0.2,1.5,6,191,0,0,1,5,1,0,0,0,27,15.8,21.4,16.0,5.3,1.2,5295,32536,Midfielder,5.2,2025-10-05
352,Harrison,Jack,Harrison,Leeds,13,3,0.1,53,1.0,1.0,6,130,0,0,0,2,0,0,0,0,29,16.8,14.8,17.0,4.9,1.1,1891,11461,Midfielder,5.3,2025-10-05
353,James,Daniel,James,Leeds,13,3,0.2,53,0.2,1.8,7,212,0,0,1,4,0,0,0,0,23,11.8,31.1,29.0,7.2,1.3,4762,42375,Midfielder,5.3,2025-10-05
354,Ampadu,Ethan,Ampadu,Leeds,13,3,0.1,49,3.0,3.0,15,437,0,0,1,6,2,0,0,0,69,68.4,43.2,7.0,11.9,3.1,5338,7879,Midfielder,4.9,2025-10-05
355,Greenwood,Sam,Greenwood,Leeds,13,3,0.0,49,0.0,0.0,0,0,0,0,0,0,0,0,0,0,0,0.0,0.0,0.0,0.0,0.0,1234,9012,Midfielder,4.9,2025-10-05
356,Gruev,Ilia,Gruev,Leeds,13,3,0.0,49,0.2,1.8,7,193,0,0,1,5,0,0,0,0,40,24.6,8.6,2.0,3.5,1.4,976,2913,Midfielder,4.9,2025-10-05
357,Ramazani,Largie,Ramazani,Leeds,13,3,0.0,49,0.0,0.0,0,0,0,0,0,0,0,0,0,0,0,0.0,0.0,0.0,0.0,0.0,203,3875,Midfielder,4.9,2025-10-05
358,Tanaka,Tanaka,Ao,Leeds,13,3,0.1,49,0.8,1.4,7,180,0,0,1,5,0,0,0,0,32,9.8,41.1,9.0,6.0,1.4,5157,20421,Midfielder,4.9,2025-10-05
359,Crew,Charlie,Crew,Leeds,13,3,0.0,45,0.0,0.0,0,0,0,0,0,0,0,0,0,0,0,0.0,0.0,0.0,0.0,0.0,0,812,Midfielder,4.5,2025-10-05
360,Gelhardt,Joe,Gelhardt,Leeds,13,3,0.0,45,0.0,0.0,0,0,0,0,0,0,0,0,0,0,0,0.0,0.0,0.0,0.0,0.0,0,2499,Midfielder,4.5,2025-10-05
361,Gyabi,Darko,Gyabi,Leeds,13,3,0.0,45,0.0,0.0,0,0,0,0,0,0,0,0,0,0,0,0.0,0.0,0.0,0.0,0.0,1165,6848,Midfielder,4.5,2025-10-05
362,Piroe,Joël,Piroe,Leeds,13,4,0.5,52,0.2,1.3,4,145,0,0,1,4,0,0,0,0,11,5.0,10.7,63.0,7.9,0.8,21151,179418,Forward,5.2,2025-10-05
363,Bamford,Patrick,Bamford,Leeds,13,4,0.5,49,0.0,0.0,0,0,0,0,0,0,0,0,0,0,0,0.0,0.0,0.0,0.0,0.0,16144,182130,Forward,4.9,2025-10-05
364,Mateo Joseph,Mateo,Joseph Fernández-Regatillo,Leeds,13,4,0.0,50,0.0,0.0,0,0,0,0,0,0,0,0,0,0,0,0.0,0.0,0.0,0.0,0.0,0,2228,Forward,5.0,2025-10-05
365,Nmecha,Lukas,Nmecha,Leeds,13,4,0.8,50,1.0,1.7,12,147,1,0,1,3,0,0,0,0,40,45.6,10.2,35.0,9.0,2.4,104754,86969,Forward,5.0,2025-10-05
493,Longstaff,Sean,Longstaff,Leeds,13,3,0.6,49,5.2,4.0,28,475,1,1,1,7,0,0,0,3,137,142.6,189.5,38.0,37.1,5.7,60857,19598,Midfielder,4.9,2025-10-05
660,Stach,Anton,Stach,Leeds,13,3,3.2,50,5.0,4.7,33,606,1,2,2,11,1,0,0,3,119,129.8,200.0,63.0,39.4,6.6,451708,113082,Midfielder,5.0,2025-10-05
665,Perri,Lucas Estella,Perri,Leeds,13,1,0.3,45,0.0,4.0,12,270,0,0,2,5,0,0,3,0,36,29.2,0.0,0.0,2.9,2.7,15182,31088,Goalkeeper,4.5,2025-10-05
691,Calvert-Lewin,Dominic,Calvert-Lewin,Leeds,13,4,1.1,55,4.2,3.6,18,358,1,1,1,4,0,0,0,2,50,60.6,83.9,142.0,28.7,3.3,167811,45857,Forward,5.5,2025-10-05
698,Okafor,Noah,Okafor,Leeds,13,3,0.1,55,5.0,4.2,21,304,2,0,1,5,2,0,0,3,69,97.2,57.5,88.0,24.3,3.8,17696,4911,Midfielder,5.5,2025-10-05
706,Justin,James,Justin,Leeds,13,2,0.2,40,0.5,1.0,3,18,0,0,0,0,0,0,0,0,11,4.2,0.0,2.0,0.6,0.8,26227,10856,Defender,4.0,2025-10-05
741,Gray,Harry,Gray,Leeds,13,4,0.1,45,0.0,0.0,0,0,0,0,0,0,0,0,0,0,0,0.0,0.0,0.0,0.0,0.0,9249,3612,Forward,4.5,2025-10-05
366,A.Becker,Alisson,Becker,Liverpool,2,1,8.5,55,2.5,3.3,20,540,0,0,2,7,0,0,9,2,95,106.8,0.1,0.0,10.7,3.6,276671,686426,Goalkeeper,5.5,2025-10-05
367,Mamardashvili,Giorgi,Mamardashvili,Liverpool,2,1,0.7,43,0.5,2.0,2,90,0,0,0,2,0,0,4,0,16,31.6,0.0,0.0,3.2,0.5,47439,32713,Goalkeeper,4.3,2025-10-05
368,Pécsi,Ármin,Pécsi,Liverpool,2,1,0.4,39,0.0,0.0,0,0,0,0,0,0,0,0,0,0,0,0.0,0.0,0.0,0.0,0.0,38971,10423,Goalkeeper,3.9,2025-10-05
369,Woodman,Freddie,Woodman,Liverpool,2,1,0.2,39,0.0,0.0,0,0,0,0,0,0,0,0,0,0,0,0.0,0.0,0.0,0.0,0.0,10368,4946,Goalkeeper,3.9,2025-10-05
370,Frimpong,Jeremie,Frimpong,Liverpool,2,2,7.5,59,1.2,2.0,6,78,0,1,0,1,0,0,0,0,21,14.4,3.2,25.0,4.3,1.0,174656,2600545,Defender,5.9,2025-10-05
371,Kerkez,Milos,Kerkez,Liverpool,2,2,4.5,59,1.5,1.9,13,510,0,0,1,6,2,0,0,0,60,88.4,60.6,22.0,17.2,2.2,206681,490462,Defender,5.9,2025-10-05
372,Robertson,Andrew,Robertson,Liverpool,2,2,1.0,58,0.5,0.7,2,117,0,0,0,3,0,0,0,0,20,42.0,78.9,36.0,15.8,0.3,17697,81466,Defender,5.8,2025-10-05
373,Virgil,Virgil,van Dijk,Liverpool,2,2,28.6,61,3.8,4.1,29,630,0,0,2,9,1,0,0,4,108,219.6,26.4,29.0,27.5,4.8,1261735,940605,Defender,6.1,2025-10-05
374,Konaté,Ibrahima,Konaté,Liverpool,2,2,3.5,55,4.2,3.4,24,562,0,0,2,7,2,0,0,3,99,135.0,44.1,18.0,19.8,4.4,214262,210982,Defender,5.5,2025-10-05
375,Bradley,Conor,Bradley,Liverpool,2,2,0.1,50,0.8,0.6,3,235,0,0,0,4,3,0,0,0,5,28.2,26.0,18.0,7.1,0.6,10953,14179,Defender,5.0,2025-10-05
376,Gomez,Joe,Gomez,Liverpool,2,2,0.1,50,0.0,1.0,2,29,0,0,0,1,0,0,0,0,5,14.6,0.5,0.0,1.5,0.4,5804,8580,Defender,5.0,2025-10-05
377,Tsimikas,Konstantinos,Tsimikas,Liverpool,2,2,0.1,48,0.0,0.0,0,0,0,0,0,0,0,0,0,0,0,0.0,0.0,0.0,0.0,0.0,1669,10338,Defender,4.8,2025-10-05
378,Nallo,Amara,Nallo,Liverpool,2,2,0.1,39,0.0,0.0,0,0,0,0,0,0,0,0,0,0,0,0.0,0.0,0.0,0.0,0.0,11721,10931,Defender,3.9,2025-10-05
379,R.Williams,Rhys,Williams,Liverpool,2,2,0.2,39,0.0,0.0,0,0,0,0,0,0,0,0,0,0,0,0.0,0.0,0.0,0.0,0.0,10967,13296,Defender,3.9,2025-10-05
380,Ramsay,Calvin,Ramsay,Liverpool,2,2,0.2,39,0.0,0.0,0,0,0,0,0,0,0,0,0,0,0,0.0,0.0,0.0,0.0,0.0,12267,13535,Defender,3.9,2025-10-05
381,M.Salah,Mohamed,Salah,Liverpool,2,3,40.7,144,4.5,4.9,34,630,2,2,2,9,0,0,0,2,110,135.2,186.4,173.0,49.4,2.4,1109660,2466349,Midfielder,14.4,2025-10-05
382,Wirtz,Florian,Wirtz,Liverpool,2,3,9.5,81,1.5,1.9,13,481,0,0,2,5,1,0,0,0,61,57.4,176.0,110.0,34.3,1.6,363579,2905279,Midfielder,8.1,2025-10-05
383,Luis Díaz,Luis,Díaz Marulanda,Liverpool,2,3,0.0,80,0.0,0.0,0,0,0,0,0,0,0,0,0,0,0,0.0,0.0,0.0,0.0,0.0,0,6893,Midfielder,8.0,2025-10-05
384,Gakpo,Cody,Gakpo,Liverpool,2,3,11.9,75,3.2,4.7,33,555,2,2,2,8,0,0,0,2,131,155.6,188.7,181.0,52.6,4.4,1902621,1490782,Midfielder,7.5,2025-10-05
385,Chiesa,Federico,Chiesa,Liverpool,2,3,0.3,64,1.5,2.8,14,63,2,0,0,2,1,0,0,0,48,66.8,4.6,45.0,11.6,2.2,25918,28843,Midfielder,6.4,2025-10-05
386,Mac Allister,Alexis,Mac Allister,Liverpool,2,3,1.3,63,1.8,2.5,15,385,0,1,1,4,0,0,0,0,85,58.0,72.6,25.0,15.6,2.4,60173,147050,Midfielder,6.3,2025-10-05
387,Szoboszlai,Dominik,Szoboszlai,Liverpool,2,3,3.8,65,2.5,3.9,27,630,1,0,2,9,2,0,0,4,135,141.4,163.8,88.0,39.4,4.2,402348,260360,Midfielder,6.5,2025-10-05
388,C.Jones,Curtis,Jones,Liverpool,2,3,0.1,54,0.8,1.7,10,225,0,1,0,5,0,0,0,0,57,37.0,53.3,5.0,9.5,1.9,3806,10623,Midfielder,5.4,2025-10-05
390,Gravenberch,Ryan,Gravenberch,Liverpool,2,3,5.8,57,7.0,6.2,37,540,2,2,2,7,2,0,0,7,155,169.4,99.0,52.0,32.1,6.5,731112,113511,Midfielder,5.7,2025-10-05
392,Endo,Endo,Wataru,Liverpool,2,3,0.1,49,0.2,1.5,6,36,0,1,0,3,1,0,0,0,20,28.8,10.9,0.0,3.9,1.2,4791,9303,Midfielder,4.9,2025-10-05
393,Bajcetic,Stefan,Bajčetić Maquieira,Liverpool,2,3,0.0,44,0.0,0.0,0,0,0,0,0,0,0,0,0,0,0,0.0,0.0,0.0,0.0,0.0,4478,6307,Midfielder,4.4,2025-10-05
394,McConnell,James,McConnell,Liverpool,2,3,0.0,44,0.0,0.0,0,0,0,0,0,0,0,0,0,0,0,0.0,0.0,0.0,0.0,0.0,1737,3173,Midfielder,4.4,2025-10-05
395,Morton,Tyler,Morton,Liverpool,2,3,0.0,45,0.0,0.0,0,0,0,0,0,0,0,0,0,0,0,0.0,0.0,0.0,0.0,0.0,0,313,Midfielder,4.5,2025-10-05
396,Nyoni,Trey,Nyoni,Liverpool,2,3,0.2,44,0.0,0.0,0,0,0,0,0,0,0,0,0,0,0,0.0,0.0,0.0,0.0,0.0,26960,20779,Midfielder,4.4,2025-10-05
397,Darwin,Darwin,Núñez Ribeiro,Liverpool,2,4,0.1,65,0.0,0.0,0,0,0,0,0,0,0,0,0,0,0,0.0,0.0,0.0,0.0,0.0,0,15254,Forward,6.5,2025-10-05
398,Danns,Jayden,Danns,Liverpool,2,4,0.1,44,0.0,0.0,0,0,0,0,0,0,0,0,0,0,0,0.0,0.0,0.0,0.0,0.0,6667,12006,Forward,4.4,2025-10-05
499,Isak,Alexander,Isak,Liverpool,2,4,11.1,106,2.0,2.7,8,179,0,1,0,2,0,0,0,0,15,19.4,19.7,25.0,5.7,0.8,1594065,1290896,Forward,10.6,2025-10-05
661,Ekitiké,Hugo,Ekitiké,Liverpool,2,4,17.2,87,2.8,5.5,33,381,3,1,2,4,0,0,0,7,123,151.4,52.4,100.0,30.3,3.8,2422424,2583161,Forward,8.7,2025-10-05
686,Ngumoha,Rio,Ngumoha,Liverpool,2,3,0.6,45,0.5,2.7,8,10,1,0,0,1,0,0,0,0,35,38.2,11.9,23.0,7.4,1.8,110605,55386,Midfielder,4.5,2025-10-05
692,Leoni,Giovanni,Leoni,Liverpool,2,2,0.0,50,0.0,0.0,0,0,0,0,0,0,0,0,0,0,0,0.0,0.0,0.0,0.0,0.0,1424,1806,Defender,5.0,2025-10-05
182,Trafford,James,Trafford,Man City,7,1,1.4,48,0.0,3.7,11,270,0,0,1,4,0,0,11,0,62,100.2,0.0,0.0,10.1,2.3,95418,216876,Goalkeeper,4.8,2025-10-05
399,Ederson M.,Ederson,Santana de Moraes,Man City,7,1,1.1,53,0.0,0.0,0,0,0,0,0,0,0,0,0,0,0,0.0,0.0,0.0,0.0,0.0,15200,247625,Goalkeeper,5.3,2025-10-05
400,Ortega Moreno,Stefan,Ortega Moreno,Man City,7,1,0.2,48,0.0,0.0,0,0,0,0,0,0,0,0,0,0,0,0.0,0.0,0.0,0.0,0.0,1723,13879,Goalkeeper,4.8,2025-10-05
401,Bettinelli,Marcus,Bettinelli,Man City,7,1,0.1,40,0.0,0.0,0,0,0,0,0,0,0,0,0,0,0,0.0,0.0,0.0,0.0,0.0,1789,8336,Goalkeeper,4.0,2025-10-05
402,Aït-Nouri,Rayan,Aït-Nouri,Man City,7,2,5.8,58,0.0,3.3,10,202,0,0,1,2,1,0,0,1,34,43.0,26.7,7.0,7.6,1.7,480489,2118710,Defender,5.8,2025-10-05
403,Gvardiol,Joško,Gvardiol,Man City,7,2,5.2,58,3.2,3.2,13,250,0,0,1,2,0,0,0,0,55,65.0,25.7,4.0,9.4,2.2,331424,863180,Defender,5.8,2025-10-05
404,Akanji,Manuel,Akanji,Man City,7,2,0.3,54,0.0,0.0,0,0,0,0,0,0,0,0,0,0,0,0.0,0.0,0.0,0.0,0.0,9281,78555,Defender,5.4,2025-10-05
405,Aké,Nathan,Aké,Man City,7,2,0.7,54,0.8,1.0,4,111,0,0,0,3,0,0,0,0,16,19.6,21.1,9.0,5.0,0.7,20405,46497,Defender,5.4,2025-10-05
406,Khusanov,Abdukodir,Khusanov,Man City,7,2,0.3,54,2.2,2.8,11,227,0,0,1,1,1,0,0,0,46,42.4,5.2,0.0,4.8,2.0,23418,42989,Defender,5.4,2025-10-05
407,Matheus N.,Matheus,Nunes,Man City,7,2,0.5,53,3.5,3.4,17,244,1,1,0,3,0,0,0,1,53,76.6,20.1,22.0,11.8,3.2,32035,37410,Defender,5.3,2025-10-05
408,Rúben,Rúben,dos Santos Gato Alves Dias,Man City,7,2,4.3,55,2.8,2.7,19,456,0,0,2,5,0,0,0,0,76,84.8,9.5,2.0,9.7,3.5,232161,204587,Defender,5.5,2025-10-05
409,Stones,John,Stones,Man City,7,2,0.8,55,0.2,2.2,9,264,0,0,1,5,0,0,0,0,43,53.8,5.8,2.0,6.2,1.6,39663,70142,Defender,5.5,2025-10-05
410,Lewis,Rico,Lewis,Man City,7,2,2.2,50,0.2,3.5,14,167,0,1,1,3,0,0,0,2,47,46.8,28.5,15.0,9.0,2.8,346630,325783,Defender,5.0,2025-10-05
411,O’Reilly,Nico,O'Reilly,Man City,7,2,0.7,49,3.8,2.7,16,301,0,0,2,2,1,0,0,0,55,70.0,39.8,15.0,12.4,3.3,77631,24348,Defender,4.9,2025-10-05
412,Vitor Reis,Vitor,de Oliveira Nunes dos Reis,Man City,7,2,0.0,50,0.0,0.0,0,0,0,0,0,0,0,0,0,0,0,0.0,0.0,0.0,0.0,0.0,0,800,Defender,5.0,2025-10-05
413,Marmoush,Omar,Marmoush,Man City,7,3,2.7,83,0.0,3.0,9,148,0,1,0,3,0,0,0,2,37,38.2,36.1,58.0,13.3,1.1,162943,1135052,Midfielder,8.3,2025-10-05
414,Foden,Phil,Foden,Man City,7,3,6.3,81,4.2,3.6,18,263,1,0,2,1,1,0,0,2,69,64.6,90.4,45.0,20.0,2.2,737930,246802,Midfielder,8.1,2025-10-05
415,Savinho,Sávio,Moreira de Oliveira,Man City,7,3,0.4,69,1.2,1.2,5,78,0,0,0,2,0,0,0,0,15,5.2,6.6,51.0,6.1,0.7,8877,79629,Midfielder,6.9,2025-10-05
416,Bernardo,Bernardo,Mota Veiga de Carvalho e Silva,Man City,7,3,0.6,64,2.0,2.3,14,356,0,1,2,2,1,0,0,0,64,61.4,117.2,20.0,19.8,2.2,33531,66369,Midfielder,6.4,2025-10-05
417,Cherki,Rayan,Cherki,Man City,7,3,2.1,63,0.0,3.5,7,70,1,0,0,2,0,0,0,0,32,50.2,28.3,15.0,9.4,1.1,175754,903501,Midfielder,6.3,2025-10-05
418,Doku,Jérémy,Doku,Man City,7,3,7.8,66,5.8,4.7,28,371,0,4,3,2,0,0,0,3,97,106.6,162.5,124.0,39.2,4.2,908099,155617,Midfielder,6.6,2025-10-05
420,Gündoğan,İlkay,Gündoğan,Man City,7,3,0.1,63,0.0,0.0,0,0,0,0,0,0,0,0,0,0,0,0.0,0.0,0.0,0.0,0.0,1928,18488,Midfielder,6.3,2025-10-05
421,Rodrigo,Rodrigo 'Rodri',Hernandez Cascante,Man City,7,3,0.6,64,2.0,2.2,11,271,0,0,1,3,0,0,0,0,54,47.4,37.8,19.0,10.4,1.7,39005,60149,Midfielder,6.4,2025-10-05
422,Kovačić,Mateo,Kovačić,Man City,7,3,0.0,59,0.0,0.0,0,0,0,0,0,0,0,0,0,0,0,0.0,0.0,0.0,0.0,0.0,912,967,Midfielder,5.9,2025-10-05
423,N.Gonzalez,Nico,González Iglesias,Man City,7,3,0.1,59,1.0,1.6,8,282,0,0,1,4,1,0,0,0,72,64.0,43.1,12.0,11.8,1.4,6657,9200,Midfielder,5.9,2025-10-05
424,Bobb,Oscar,Bobb,Man City,7,3,0.3,55,0.8,2.2,13,286,0,1,1,4,0,0,0,0,52,44.8,86.1,44.0,17.6,2.4,74585,68653,Midfielder,5.5,2025-10-05
425,Echeverri,Claudio,Echeverri,Man City,7,3,0.0,54,0.0,0.0,0,0,0,0,0,0,0,0,0,0,0,0.0,0.0,0.0,0.0,0.0,194,3053,Midfielder,5.4,2025-10-05
427,Reijnders,Tijjani,Reijnders,Man City,7,3,33.5,58,3.8,4.1,29,533,1,2,2,6,1,0,0,2,114,116.8,113.2,93.0,32.4,5.0,2905014,1414332,Midfielder,5.8,2025-10-05
428,Nypan,Sverre,Nypan,Man City,7,3,0.0,50,0.0,0.0,0,0,0,0,0,0,0,0,0,0,0,0.0,0.0,0.0,0.0,0.0,73,2277,Midfielder,5.0,2025-10-05
429,Phillips,Kalvin,Phillips,Man City,7,3,0.1,49,0.0,0.0,0,0,0,0,0,0,0,0,0,0,0,0.0,0.0,0.0,0.0,0.0,2116,4849,Midfielder,4.9,2025-10-05
430,Haaland,Erling,Haaland,Man City,7,4,59.1,145,9.8,9.0,63,504,8,1,3,5,0,0,0,15,250,289.4,51.7,364.0,70.6,4.3,4400219,620562,Forward,14.5,2025-10-05
736,Donnarumma,Gianluigi,Donnarumma,Man City,7,1,8.7,56,2.5,2.5,10,271,0,0,1,2,1,0,5,0,41,36.8,0.0,0.0,3.7,1.8,1019196,144652,Goalkeeper,5.6,2025-10-05
739,Mukasa,Divine,Mukasa,Man City,7,3,0.0,45,0.0,0.0,0,0,0,0,0,0,0,0,0,0,0,0.0,0.0,0.0,0.0,0.0,1644,692,Midfielder,4.5,2025-10-05
740,Mfuni,Stephen,Mfuni,Man City,7,2,0.0,40,0.0,0.0,0,0,0,0,0,0,0,0,0,0,0,0.0,0.0,0.0,0.0,0.0,1205,492,Defender,4.0,2025-10-05
742,McAidoo,Ryan,McAidoo,Man City,7,3,0.0,45,0.0,0.0,0,0,0,0,0,0,0,0,0,0,0,0.0,0.0,0.0,0.0,0.0,281,48,Midfielder,4.5,2025-10-05
119,Mbeumo,Bryan,Mbeumo,Man Utd,8,3,14.5,81,3.2,3.9,27,595,1,1,2,10,0,0,0,3,100,102.2,237.2,199.0,53.8,3.3,1226704,1138943,Midfielder,8.1,2025-10-05
431,Bayindir,Altay,Bayındır,Man Utd,8,1,0.4,50,1.5,1.8,11,540,0,0,0,11,0,0,13,0,49,118.4,10.0,0.0,12.8,2.2,28617,35752,Goalkeeper,5.0,2025-10-05
432,Onana,André,Onana,Man Utd,8,1,0.2,49,0.0,0.0,0,0,0,0,0,0,0,0,0,0,0,0.0,0.0,0.0,0.0,0.0,5156,22907,Goalkeeper,4.9,2025-10-05
433,Harrison,Elyh,Harrison,Man Utd,8,1,0.0,40,0.0,0.0,0,0,0,0,0,0,0,0,0,0,0,0.0,0.0,0.0,0.0,0.0,0,200,Goalkeeper,4.0,2025-10-05
434,Heaton,Tom,Heaton,Man Utd,8,1,0.3,40,0.0,0.0,0,0,0,0,0,0,0,0,0,0,0,0.0,0.0,0.0,0.0,0.0,5098,10534,Goalkeeper,4.0,2025-10-05
435,Mee,Dermot,Mee,Man Utd,8,1,0.1,40,0.0,0.0,0,0,0,0,0,0,0,0,0,0,0,0.0,0.0,0.0,0.0,0.0,1662,3838,Goalkeeper,4.0,2025-10-05
436,De Ligt,Matthijs,de Ligt,Man Utd,8,2,2.8,50,3.5,3.7,26,630,0,0,1,11,0,0,0,5,108,148.8,41.9,37.0,22.7,5.2,199010,185929,Defender,5.0,2025-10-05
437,Martinez,Lisandro,Martínez,Man Utd,8,2,0.1,49,0.0,0.0,0,0,0,0,0,0,0,0,0,0,0,0.0,0.0,0.0,0.0,0.0,588,12760,Defender,4.9,2025-10-05
438,Mazraoui,Noussair,Mazraoui,Man Utd,8,2,0.2,49,2.0,3.0,9,130,0,0,1,2,0,0,0,1,40,31.2,14.2,4.0,4.9,1.8,13112,30764,Defender,4.9,2025-10-05
439,D.Leon,Diego,León Blanco,Man Utd,8,2,0.1,43,0.0,0.0,0,0,0,0,0,0,0,0,0,0,0,0.0,0.0,0.0,0.0,0.0,1697,5210,Defender,4.3,2025-10-05
440,Dalot,Diogo,Dalot Teixeira,Man Utd,8,2,0.9,44,2.5,3.2,16,335,0,2,1,7,0,0,0,0,46,59.4,95.2,26.0,18.0,3.6,27367,162658,Defender,4.4,2025-10-05
441,Dorgu,Patrick,Dorgu,Man Utd,8,2,4.6,45,1.8,1.7,10,470,0,1,0,8,2,0,0,0,44,83.2,94.2,56.0,23.4,2.2,400250,590586,Defender,4.5,2025-10-05
442,Maguire,Harry,Maguire,Man Utd,8,2,0.7,44,3.5,2.7,16,180,0,1,1,3,0,0,0,2,41,33.2,11.8,17.0,6.2,3.6,36436,49286,Defender,4.4,2025-10-05
443,Shaw,Luke,Shaw,Man Utd,8,2,0.3,45,2.5,2.1,15,605,0,0,1,10,0,0,0,0,54,75.6,26.9,5.0,10.7,3.3,21867,21147,Defender,4.5,2025-10-05
444,Yoro,Leny,Yoro,Man Utd,8,2,2.0,45,2.2,2.9,20,449,0,1,1,8,0,0,0,1,56,63.4,20.6,24.0,10.7,4.4,157292,159609,Defender,4.5,2025-10-05
445,Amass,Harry,Amass,Man Utd,8,2,0.1,40,0.0,0.0,0,0,0,0,0,0,0,0,0,0,0,0.0,0.0,0.0,0.0,0.0,1160,11382,Defender,4.0,2025-10-05
446,Fredricson,Tyler,Fredricson,Man Utd,8,2,0.1,39,0.0,0.0,0,0,0,0,0,0,0,0,0,0,0,0.0,0.0,0.0,0.0,0.0,5065,6716,Defender,3.9,2025-10-05
447,Heaven,Ayden,Heaven,Man Utd,8,2,1.1,39,0.0,1.0,1,3,0,0,0,0,0,0,0,0,3,2.0,0.0,0.0,0.2,0.3,42573,83542,Defender,3.9,2025-10-05
448,Malacia,Tyrell,Malacia,Man Utd,8,2,0.4,39,0.0,0.0,0,0,0,0,0,0,0,0,0,0,0,0.0,0.0,0.0,0.0,0.0,21636,21966,Defender,3.9,2025-10-05
449,B.Fernandes,Bruno,Borges Fernandes,Man Utd,8,3,19.3,90,3.5,4.0,28,626,2,0,1,11,2,0,0,5,144,200.0,270.4,126.0,59.7,3.1,1284091,1576611,Midfielder,9.0,2025-10-05
450,Cunha,Matheus,Santos Carneiro da Cunha,Man Utd,8,3,4.1,80,1.0,1.5,9,351,0,0,0,6,0,0,0,0,47,50.2,67.7,125.0,24.4,1.1,789401,1301133,Midfielder,8.0,2025-10-05
451,Rashford,Marcus,Rashford,Man Utd,8,3,0.0,70,0.0,0.0,0,0,0,0,0,0,0,0,0,0,0,0.0,0.0,0.0,0.0,0.0,0,1890,Midfielder,7.0,2025-10-05
452,Amad,Amad,Diallo,Man Utd,8,3,1.2,63,1.8,2.3,14,446,0,1,1,6,0,0,0,0,89,78.2,112.3,125.0,31.6,2.2,48172,246447,Midfielder,6.3,2025-10-05
454,Antony,Antony,dos Santos,Man Utd,8,3,0.1,59,0.0,0.0,0,0,0,0,0,0,0,0,0,0,0,0.0,0.0,0.0,0.0,0.0,1511,9796,Midfielder,5.9,2025-10-05
455,Mount,Mason,Mount,Man Utd,8,3,0.2,59,3.0,3.0,18,271,1,0,2,3,0,0,0,2,61,58.2,84.4,56.0,19.9,3.1,20002,35235,Midfielder,5.9,2025-10-05
457,Casemiro,Carlos Henrique,Casimiro,Man Utd,8,3,0.2,55,2.0,2.5,15,330,1,1,1,4,2,1,0,0,63,66.4,37.2,53.0,15.6,2.7,12187,20588,Midfielder,5.5,2025-10-05
458,Mainoo,Kobbie,Mainoo,Man Utd,8,3,0.5,48,1.0,1.0,5,113,0,0,0,4,0,0,0,0,20,20.8,44.5,3.0,6.8,1.0,26192,58404,Midfielder,4.8,2025-10-05
459,Ugarte,Manuel,Ugarte Ribeiro,Man Utd,8,3,0.1,49,2.0,1.7,10,240,0,0,0,7,0,0,0,0,47,34.8,24.1,2.0,6.0,2.0,8978,15978,Midfielder,4.9,2025-10-05
460,Collyer,Toby,Collyer,Man Utd,8,3,0.0,45,0.0,0.0,0,0,0,0,0,0,0,0,0,0,0,0.0,0.0,0.0,0.0,0.0,423,8146,Midfielder,4.5,2025-10-05
461,Fitzgerald,Jayce,Fitzgerald,Man Utd,8,3,0.0,44,0.0,0.0,0,0,0,0,0,0,0,0,0,0,0,0.0,0.0,0.0,0.0,0.0,1382,2383,Midfielder,4.4,2025-10-05
462,J.Fletcher,Jack,Fletcher,Man Utd,8,3,0.1,44,0.0,0.0,0,0,0,0,0,0,0,0,0,0,0,0.0,0.0,0.0,0.0,0.0,3068,3431,Midfielder,4.4,2025-10-05
463,Kone,Sékou,Koné,Man Utd,8,3,0.1,44,0.0,0.0,0,0,0,0,0,0,0,0,0,0,0,0.0,0.0,0.0,0.0,0.0,4189,6064,Midfielder,4.4,2025-10-05
464,Moorhouse,Jack,Moorhouse,Man Utd,8,3,0.0,45,0.0,0.0,0,0,0,0,0,0,0,0,0,0,0,0.0,0.0,0.0,0.0,0.0,723,2171,Midfielder,4.5,2025-10-05
465,Højlund,Rasmus,Højlund,Man Utd,8,4,0.3,63,0.0,0.0,0,0,0,0,0,0,0,0,0,0,0,0.0,0.0,0.0,0.0,0.0,5437,52508,Forward,6.3,2025-10-05
466,Zirkzee,Joshua,Zirkzee,Man Utd,8,4,0.4,59,0.5,1.0,3,74,0,0,0,3,0,0,0,0,4,8.4,16.0,58.0,8.1,0.5,20240,38543,Forward,5.9,2025-10-05
467,Obi,Chido,Obi,Man Utd,8,4,1.5,43,0.0,0.0,0,0,0,0,0,0,0,0,0,0,0,0.0,0.0,0.0,0.0,0.0,61888,148271,Forward,4.3,2025-10-05
468,Wheatley,Ethan,Wheatley,Man Utd,8,4,0.1,45,0.0,0.0,0,0,0,0,0,0,0,0,0,0,0,0.0,0.0,0.0,0.0,0.0,3886,10848,Forward,4.5,2025-10-05
681,Šeško,Benjamin,Sesko,Man Utd,8,4,4.9,73,5.0,3.3,23,384,2,0,1,7,0,0,0,5,76,96.2,65.6,190.0,34.7,3.2,318651,772627,Forward,7.3,2025-10-05
733,Lammens,Senne,Lammens,Man Utd,8,1,0.2,50,2.2,9.0,9,90,0,0,1,0,0,0,3,2,29,24.4,0.0,0.0,2.4,1.8,21231,7030,Goalkeeper,5.0,2025-10-05
52,J.Ramsey,Jacob,Ramsey,Newcastle,15,3,0.2,53,0.0,1.0,2,59,0,0,0,1,0,0,0,0,13,13.4,41.8,7.0,6.2,0.4,12901,60283,Midfielder,5.3,2025-10-05
135,Wissa,Yoane,Wissa,Newcastle,15,4,0.6,74,0.0,0.0,0,0,0,0,0,0,0,0,0,0,0,0.0,0.0,0.0,0.0,0.0,84870,298875,Forward,7.4,2025-10-05
469,Pope,Nick,Pope,Newcastle,15,1,8.9,51,5.8,5.9,41,630,0,1,5,5,1,0,19,3,166,135.2,0.0,0.0,13.5,8.0,759491,228001,Goalkeeper,5.1,2025-10-05
471,Gillespie,Mark,Gillespie,Newcastle,15,1,0.1,40,0.0,0.0,0,0,0,0,0,0,0,0,0,0,0,0.0,0.0,0.0,0.0,0.0,2778,5116,Goalkeeper,4.0,2025-10-05
472,Odysseas,Odysseas,Vlachodimos,Newcastle,15,1,0.0,40,0.0,0.0,0,0,0,0,0,0,0,0,0,0,0,0.0,0.0,0.0,0.0,0.0,0,1843,Goalkeeper,4.0,2025-10-05
473,Hall,Lewis,Hall,Newcastle,15,2,1.2,53,1.8,3.0,9,133,0,0,1,1,0,0,0,1,31,27.4,4.0,7.0,3.9,1.7,55981,145833,Defender,5.3,2025-10-05
474,Schär,Fabian,Schär,Newcastle,15,2,2.0,54,2.0,5.8,23,350,0,0,3,2,0,0,0,0,82,80.0,25.0,15.0,12.1,4.3,158023,251084,Defender,5.4,2025-10-05
475,Botman,Sven,Botman,Newcastle,15,2,0.5,49,4.5,5.2,26,338,0,0,3,2,0,0,0,4,101,85.2,10.9,4.0,10.0,5.3,31746,32652,Defender,4.9,2025-10-05
476,Burn,Dan,Burn,Newcastle,15,2,7.3,51,6.0,5.9,41,630,0,1,5,5,2,0,0,2,134,104.6,18.6,31.0,15.5,8.0,591664,212667,Defender,5.1,2025-10-05
477,Livramento,Tino,Livramento,Newcastle,15,2,6.5,51,4.5,6.2,37,526,0,1,5,3,0,0,0,3,137,71.4,56.3,16.0,14.3,7.3,935680,658026,Defender,5.1,2025-10-05
478,Trippier,Kieran,Trippier,Newcastle,15,2,2.6,50,3.5,4.5,27,429,0,0,4,4,0,0,0,2,96,43.2,130.3,4.0,17.6,5.4,156715,130960,Defender,5.0,2025-10-05
479,Krafth,Emil,Krafth,Newcastle,15,2,0.0,44,0.0,0.0,0,0,0,0,0,0,0,0,0,0,0,0.0,0.0,0.0,0.0,0.0,966,2973,Defender,4.4,2025-10-05
480,Lascelles,Jamaal,Lascelles,Newcastle,15,2,0.1,44,0.2,0.5,1,19,0,0,0,2,0,0,0,0,0,10.2,0.0,7.0,1.7,0.2,1424,4825,Defender,4.4,2025-10-05
481,A.Murphy,Alex,Murphy,Newcastle,15,2,0.7,39,0.0,0.0,0,0,0,0,0,0,0,0,0,0,0,0.0,0.0,0.0,0.0,0.0,23560,44958,Defender,3.9,2025-10-05
482,Ashby,Harrison,Ashby,Newcastle,15,2,0.2,39,0.0,0.0,0,0,0,0,0,0,0,0,0,0,0,0.0,0.0,0.0,0.0,0.0,7185,8112,Defender,3.9,2025-10-05
483,Pivas,Miodrag,Pivaš,Newcastle,15,2,0.2,39,0.0,0.0,0,0,0,0,0,0,0,0,0,0,0,0.0,0.0,0.0,0.0,0.0,17271,10784,Defender,3.9,2025-10-05
484,Targett,Matt,Targett,Newcastle,15,2,0.2,40,0.0,0.0,0,0,0,0,0,0,0,0,0,0,0,0.0,0.0,0.0,0.0,0.0,3759,34755,Defender,4.0,2025-10-05
485,Gordon,Anthony,Gordon,Newcastle,15,3,2.3,74,1.5,1.8,7,272,0,0,3,3,0,1,0,0,22,18.4,35.6,95.0,14.6,0.9,311427,262092,Midfielder,7.4,2025-10-05
486,Elanga,Anthony,Elanga,Newcastle,15,3,4.8,69,1.5,1.7,12,326,0,0,2,5,0,0,0,0,37,23.2,48.5,44.0,11.6,1.7,500652,867892,Midfielder,6.9,2025-10-05
487,Barnes,Harvey,Barnes,Newcastle,15,3,0.5,64,1.5,1.7,12,314,0,0,2,3,0,0,0,0,36,20.2,78.5,49.0,14.6,1.9,126813,138441,Midfielder,6.4,2025-10-05
488,Bruno G.,Bruno,Guimarães Rodriguez Moura,Newcastle,15,3,2.0,65,3.8,4.5,27,540,2,1,4,5,2,0,0,0,118,68.8,99.1,27.0,19.5,4.2,169479,172137,Midfielder,6.5,2025-10-05
489,J.Murphy,Jacob,Murphy,Newcastle,15,3,1.0,62,3.2,2.8,17,309,0,1,4,0,0,0,0,0,55,38.8,28.0,109.0,17.5,2.7,40399,171830,Midfielder,6.2,2025-10-05
490,Joelinton,Joelinton Cássio,Apolinário de Lira,Newcastle,15,3,0.3,59,2.2,2.6,13,401,0,0,3,3,2,0,0,0,39,20.8,32.4,25.0,7.9,2.2,19076,41854,Midfielder,5.9,2025-10-05
491,Tonali,Sandro,Tonali,Newcastle,15,3,1.4,54,3.8,3.3,23,605,0,1,5,4,0,0,0,1,128,95.0,147.4,48.0,29.1,4.3,77778,141502,Midfielder,5.4,2025-10-05
492,Antoñito C.,Antoñito,Cordero Campillo,Newcastle,15,3,0.0,49,0.0,0.0,0,0,0,0,0,0,0,0,0,0,0,0.0,0.0,0.0,0.0,0.0,655,2904,Midfielder,4.9,2025-10-05
494,Willock,Joe,Willock,Newcastle,15,3,0.1,50,1.0,2.0,4,86,0,0,1,0,0,0,0,0,16,10.6,2.2,6.0,1.8,0.8,3979,4108,Midfielder,5.0,2025-10-05
495,Hayden,Isaac,Hayden,Newcastle,15,3,0.0,45,0.0,0.0,0,0,0,0,0,0,0,0,0,0,0,0.0,0.0,0.0,0.0,0.0,0,1364,Midfielder,4.5,2025-10-05
496,Kuol,Garang,Kuol,Newcastle,15,3,0.1,44,0.0,0.0,0,0,0,0,0,0,0,0,0,0,0,0.0,0.0,0.0,0.0,0.0,2219,5419,Midfielder,4.4,2025-10-05
497,L.Miley,Lewis,Miley,Newcastle,15,3,2.2,44,1.0,1.4,7,167,0,0,1,1,0,0,0,0,32,20.8,27.2,6.0,5.5,1.6,136696,167819,Midfielder,4.4,2025-10-05
498,White,Joe,White,Newcastle,15,3,0.0,45,0.0,0.0,0,0,0,0,0,0,0,0,0,0,0,0.0,0.0,0.0,0.0,0.0,0,989,Midfielder,4.5,2025-10-05
500,Osula,William,Osula,Newcastle,15,4,0.4,55,1.0,1.7,12,160,1,0,1,3,0,0,0,0,41,37.0,13.6,31.0,7.9,2.2,61445,57672,Forward,5.5,2025-10-05
501,Neave,Sean,Neave,Newcastle,15,4,0.2,44,0.0,0.0,0,0,0,0,0,0,0,0,0,0,0,0.0,0.0,0.0,0.0,0.0,10994,18063,Forward,4.4,2025-10-05
674,Ramsdale,Aaron,Ramsdale,Newcastle,15,1,0.6,49,0.0,0.0,0,0,0,0,0,0,0,0,0,0,0,0.0,0.0,0.0,0.0,0.0,10618,50731,Goalkeeper,4.9,2025-10-05
684,Thiaw,Malick,Thiaw,Newcastle,15,2,0.2,49,4.0,4.2,17,272,0,0,2,3,1,0,0,0,60,44.0,1.5,22.0,6.8,3.5,13137,13229,Defender,4.9,2025-10-05
689,Seung soo,Seung-Soo,Park,Newcastle,15,3,0.3,44,0.0,0.0,0,0,0,0,0,0,0,0,0,0,0,0.0,0.0,0.0,0.0,0.0,24137,14670,Midfielder,4.4,2025-10-05
714,Woltemade,Nick,Woltemade,Newcastle,15,4,7.3,72,6.0,6.0,24,303,3,0,4,0,0,0,0,4,87,71.2,19.5,73.0,16.5,3.3,1036280,202908,Forward,7.2,2025-10-05
12,Zinchenko,Oleksandr,Zinchenko,Nott'm Forest,17,2,0.3,49,1.0,2.0,4,180,0,0,0,2,0,0,0,0,32,44.4,37.3,15.0,9.7,0.8,19502,32691,Defender,4.9,2025-10-05
426,McAtee,James,McAtee,Nott'm Forest,17,3,0.1,53,0.5,1.0,4,126,0,0,0,5,0,0,0,0,20,14.0,39.8,6.0,6.1,0.8,8255,17274,Midfielder,5.3,2025-10-05
502,Sels,Matz,Sels,Nott'm Forest,17,1,10.9,49,2.2,2.1,15,630,0,0,0,12,1,0,25,0,75,143.2,0.0,0.0,14.4,3.1,251267,1150999,Goalkeeper,4.9,2025-10-05
503,C.Miguel,Carlos Miguel,dos Santos Pereira,Nott'm Forest,17,1,0.1,40,0.0,0.0,0,0,0,0,0,0,0,0,0,0,0,0.0,0.0,0.0,0.0,0.0,448,11713,Goalkeeper,4.0,2025-10-05
504,Turner,Matt,Turner,Nott'm Forest,17,1,0.1,40,0.0,0.0,0,0,0,0,0,0,0,0,0,0,0,0.0,0.0,0.0,0.0,0.0,0,11720,Goalkeeper,4.0,2025-10-05
505,Milenković,Nikola,Milenković,Nott'm Forest,17,2,5.4,54,1.8,1.7,12,630,0,0,0,12,1,0,0,0,51,95.2,21.6,14.0,13.2,2.2,192344,637118,Defender,5.4,2025-10-05
506,Murillo,Murillo,Costa dos Santos,Nott'm Forest,17,2,2.4,54,0.8,1.8,7,306,0,0,0,6,1,0,0,0,23,54.0,11.9,0.0,6.6,1.3,64956,535410,Defender,5.4,2025-10-05
507,Aina,Ola,Aina,Nott'm Forest,17,2,3.6,48,0.0,2.0,6,270,0,0,0,5,1,0,0,0,20,53.8,33.3,11.0,9.8,1.2,230949,1392467,Defender,4.8,2025-10-05
508,N.Williams,Neco,Williams,Nott'm Forest,17,2,5.0,49,2.8,2.1,15,630,1,0,0,12,4,0,0,2,80,129.6,103.9,66.0,30.0,3.1,161971,682861,Defender,4.9,2025-10-05
509,David Carmo,David,Mota Veiga Teixeira do Carmo,Nott'm Forest,17,2,0.0,45,0.0,0.0,0,0,0,0,0,0,0,0,0,0,0,0.0,0.0,0.0,0.0,0.0,427,3753,Defender,4.5,2025-10-05
510,Jair Cunha,Jair,Paula da Cunha Filho,Nott'm Forest,17,2,0.1,44,0.8,3.0,3,90,0,0,0,2,0,0,0,0,9,0.0,0.0,0.0,0.0,0.7,1135,4868,Defender,4.4,2025-10-05
511,Morato,Felipe,Rodrigues da Silva,Nott'm Forest,17,2,0.1,44,1.8,1.8,7,346,0,0,0,6,2,0,0,0,30,49.4,4.6,3.0,5.7,1.6,3159,5826,Defender,4.4,2025-10-05
512,O.Richards,Omar,Richards,Nott'm Forest,17,2,0.0,45,0.0,0.0,0,0,0,0,0,0,0,0,0,0,0,0.0,0.0,0.0,0.0,0.0,345,3522,Defender,4.5,2025-10-05
513,Abbott,Zach,Abbott,Nott'm Forest,17,2,0.2,39,0.0,0.0,0,0,0,0,0,0,0,0,0,0,0,0.0,0.0,0.0,0.0,0.0,5227,10050,Defender,3.9,2025-10-05
514,Boly,Willy,Boly,Nott'm Forest,17,2,0.5,39,0.0,0.0,0,0,0,0,0,0,0,0,0,0,0,0.0,0.0,0.0,0.0,0.0,21723,27077,Defender,3.9,2025-10-05
515,Gibbs-White,Morgan,Gibbs-White,Nott'm Forest,17,3,3.7,74,2.2,2.6,18,551,0,1,0,10,0,0,0,0,90,56.4,136.1,96.0,28.6,2.4,338429,521646,Midfielder,7.4,2025-10-05
516,Hudson-Odoi,Callum,Hudson-Odoi,Nott'm Forest,17,3,1.1,60,1.0,2.6,18,395,1,0,0,7,0,0,0,3,77,68.6,128.8,70.0,26.8,3.0,147350,165461,Midfielder,6.0,2025-10-05
517,Anderson,Elliot,Anderson,Nott'm Forest,17,3,4.0,54,3.0,3.1,22,630,0,1,0,12,2,0,0,1,130,137.8,159.3,61.0,35.9,4.1,226733,462730,Midfielder,5.4,2025-10-05
518,Jota,João Pedro,Ferreira da Silva,Nott'm Forest,17,3,0.0,54,0.0,1.0,1,11,0,0,0,0,0,0,0,0,6,5.0,0.5,4.0,1.0,0.2,1029,7955,Midfielder,5.4,2025-10-05
519,Dominguez,Nicolás,Domínguez,Nott'm Forest,17,3,0.0,50,0.0,0.0,0,45,0,0,0,1,1,0,0,0,3,2.4,3.3,0.0,0.6,0.0,344,249,Midfielder,5.0,2025-10-05
520,O'Brien,Lewis,O'Brien,Nott'm Forest,17,3,0.0,50,0.0,0.0,0,0,0,0,0,0,0,0,0,0,0,0.0,0.0,0.0,0.0,0.0,0,106,Midfielder,5.0,2025-10-05
521,Sangaré,Ibrahim,Sangaré,Nott'm Forest,17,3,0.1,50,0.8,2.2,11,351,0,0,0,6,0,0,0,0,53,33.2,19.0,2.0,5.5,2.2,3995,5089,Midfielder,5.0,2025-10-05
522,Yates,Ryan,Yates,Nott'm Forest,17,3,0.1,48,0.5,1.0,4,88,0,0,0,2,1,0,0,0,14,7.2,4.0,2.0,1.2,0.8,2767,8669,Midfielder,4.8,2025-10-05
523,Da Silva Moreira,Eric,da Silva Moreira,Nott'm Forest,17,3,0.1,45,0.0,0.0,0,0,0,0,0,0,0,0,0,0,0,0.0,0.0,0.0,0.0,0.0,1896,13769,Midfielder,4.5,2025-10-05
524,Stamenic,Marko,Stamenić,Nott'm Forest,17,3,0.0,45,0.0,0.0,0,0,0,0,0,0,0,0,0,0,0,0.0,0.0,0.0,0.0,0.0,245,4961,Midfielder,4.5,2025-10-05
525,Wood,Chris,Wood,Nott'm Forest,17,4,13.0,74,1.8,3.4,24,522,2,0,1,7,0,0,0,3,80,75.6,48.3,177.0,29.3,3.2,2116008,2380887,Forward,7.4,2025-10-05
526,Igor Jesus,Igor Jesus,Maciel da Cruz,Nott'm Forest,17,4,0.7,58,0.8,1.0,6,101,0,0,0,4,0,0,0,0,25,12.2,15.5,47.0,7.3,1.0,69092,81630,Forward,5.8,2025-10-05
527,Awoniyi,Taiwo,Awoniyi,Nott'm Forest,17,4,0.4,53,0.0,0.0,0,0,0,0,0,0,0,0,0,0,0,0.0,0.0,0.0,0.0,0.0,17788,61759,Forward,5.3,2025-10-05
669,Ndoye,Dan,Ndoye,Nott'm Forest,17,3,2.1,60,1.8,3.4,24,493,1,1,0,8,0,0,0,4,91,87.0,78.1,68.0,23.4,4.0,520226,373552,Midfielder,6.0,2025-10-05
675,Gunn,Angus,Gunn,Nott'm Forest,17,1,1.6,40,0.0,0.0,0,0,0,0,0,0,0,0,0,0,0,0.0,0.0,0.0,0.0,0.0,24408,46786,Goalkeeper,4.0,2025-10-05
693,Hutchinson,Omari,Hutchinson,Nott'm Forest,17,3,0.0,55,0.5,1.0,4,52,0,0,0,2,0,0,0,0,19,22.8,54.1,34.0,10.8,0.7,3128,2457,Midfielder,5.5,2025-10-05
696,Kalimuendo,Arnaud,Kalimuendo,Nott'm Forest,17,4,0.1,60,0.8,1.0,5,65,0,0,0,2,0,0,0,0,11,2.8,16.4,22.0,4.1,0.8,7109,5915,Forward,6.0,2025-10-05
699,Douglas Luiz,Douglas Luiz,Soares de Paulo,Nott'm Forest,17,3,0.1,50,1.2,5.0,5,75,0,1,0,1,0,0,0,0,23,4.4,18.1,8.0,3.1,1.0,10764,9000,Midfielder,5.0,2025-10-05
715,John,John Victor,Maciel Furtado,Nott'm Forest,17,1,0.4,40,0.0,0.0,0,0,0,0,0,0,0,0,0,0,0,0.0,0.0,0.0,0.0,0.0,35005,10246,Goalkeeper,4.0,2025-10-05
716,Savona,Nicolò,Savona,Nott'm Forest,17,2,0.0,45,0.2,0.5,1,143,0,0,0,4,0,0,0,0,5,11.0,11.1,4.0,2.6,0.2,1200,746,Defender,4.5,2025-10-05
729,Cuiabano,Luis Eduardo,Soares da Silva,Nott'm Forest,17,2,0.0,45,0.0,0.0,0,0,0,0,0,0,0,0,0,0,0,0.0,0.0,0.0,0.0,0.0,25,34,Defender,4.5,2025-10-05
734,Bakwa,Dilane,Bakwa,Nott'm Forest,17,3,0.0,60,1.2,1.2,5,172,0,0,0,4,0,0,0,0,27,27.6,60.5,45.0,13.3,0.8,2162,1198,Midfielder,6.0,2025-10-05
528,Patterson,Anthony,Patterson,Sunderland,6,1,0.2,44,0.0,0.0,0,0,0,0,0,0,0,0,0,0,0,0.0,0.0,0.0,0.0,0.0,5385,21205,Goalkeeper,4.4,2025-10-05
529,Moore,Simon,Moore,Sunderland,6,1,0.4,40,0.0,0.0,0,0,0,0,0,0,0,0,0,0,0,0.0,0.0,0.0,0.0,0.0,7050,16628,Goalkeeper,4.0,2025-10-05
530,Nna Noukeu,Blondy,Nna Noukeu,Sunderland,6,1,0.1,40,0.0,0.0,0,0,0,0,0,0,0,0,0,0,0,0.0,0.0,0.0,0.0,0.0,1837,4908,Goalkeeper,4.0,2025-10-05
531,Ballard,Daniel,Ballard,Sunderland,6,2,2.4,46,1.2,4.6,23,219,1,0,1,1,0,0,0,3,75,128.4,21.4,81.0,23.1,5.0,598186,553788,Defender,4.6,2025-10-05
532,Hume,Trai,Hume,Sunderland,6,2,0.3,45,4.2,3.7,26,618,0,0,3,6,0,0,0,0,105,100.6,74.5,18.0,19.4,5.8,28001,21124,Defender,4.5,2025-10-05
533,Alese,Aji,Alese,Sunderland,6,2,0.0,40,0.0,0.0,0,0,0,0,0,0,0,0,0,0,0,0.0,0.0,0.0,0.0,0.0,226,379,Defender,4.0,2025-10-05
534,Anderson,Joe,Anderson,Sunderland,6,2,0.5,39,0.0,0.0,0,0,0,0,0,0,0,0,0,0,0,0.0,0.0,0.0,0.0,0.0,24191,29023,Defender,3.9,2025-10-05
535,Cirkin,Dennis,Cirkin,Sunderland,6,2,0.0,40,0.0,0.0,0,0,0,0,0,0,0,0,0,0,0,0.0,0.0,0.0,0.0,0.0,250,1739,Defender,4.0,2025-10-05
536,Hjelde,Leo Fuhr,Hjelde,Sunderland,6,2,0.0,40,0.0,0.0,0,0,0,0,0,0,0,0,0,0,0,0.0,0.0,0.0,0.0,0.0,238,350,Defender,4.0,2025-10-05
537,Huggins,Niall,Huggins,Sunderland,6,2,0.1,40,0.0,0.0,0,0,0,0,0,0,0,0,0,0,0,0.0,0.0,0.0,0.0,0.0,1038,12512,Defender,4.0,2025-10-05
538,Johnson,Zak,Johnson,Sunderland,6,2,0.3,39,0.0,0.0,0,0,0,0,0,0,0,0,0,0,0,0.0,0.0,0.0,0.0,0.0,12498,12588,Defender,3.9,2025-10-05
539,O'Nien,Luke,O'Nien,Sunderland,6,2,0.0,40,0.0,0.0,0,0,0,0,0,0,0,0,0,0,0,0.0,0.0,0.0,0.0,0.0,1397,1478,Defender,4.0,2025-10-05
540,Pembele,Timothée,Pembélé,Sunderland,6,2,0.5,39,0.0,0.0,0,0,0,0,0,0,0,0,0,0,0,0.0,0.0,0.0,0.0,0.0,39404,17049,Defender,3.9,2025-10-05
541,Reinildo,Reinildo,Mandava,Sunderland,6,2,5.4,40,1.0,2.8,14,392,0,0,2,4,1,1,0,0,66,74.2,18.3,6.0,9.9,3.5,411177,551966,Defender,4.0,2025-10-05
542,Seelt,Jenson,Seelt,Sunderland,6,2,0.1,40,0.0,1.0,2,133,0,0,0,2,0,0,0,0,11,33.6,2.4,0.0,3.6,0.5,3016,19359,Defender,4.0,2025-10-05
543,Adingra,Simon,Adingra,Sunderland,6,3,0.7,53,1.2,2.2,13,271,0,1,2,4,1,0,0,0,36,28.4,77.8,8.0,11.4,2.5,71385,166733,Midfielder,5.3,2025-10-05
544,Diarra,Habib,Diarra,Sunderland,6,3,0.1,54,0.8,3.0,12,345,0,1,2,2,1,0,0,0,23,10.6,31.0,45.0,8.0,2.2,6001,13260,Midfielder,5.4,2025-10-05
545,Roberts,Patrick,Roberts,Sunderland,6,3,0.0,54,0.0,1.0,1,27,0,0,0,1,0,0,0,0,4,1.8,7.3,5.0,1.4,0.2,462,3689,Midfielder,5.4,2025-10-05
546,Aleksić,Milan,Aleksić,Sunderland,6,3,0.0,49,0.0,0.0,0,0,0,0,0,0,0,0,0,0,0,0.0,0.0,0.0,0.0,0.0,295,2933,Midfielder,4.9,2025-10-05
547,E.Le Fée,Enzo,Le Fée,Sunderland,6,3,0.4,49,1.8,3.3,20,375,1,0,1,5,0,0,0,2,71,89.0,62.2,29.0,18.0,4.1,52906,48555,Midfielder,4.9,2025-10-05
548,Mundle,Romaine,Mundle,Sunderland,6,3,0.0,49,0.0,0.0,0,0,0,0,0,0,0,0,0,0,0,0.0,0.0,0.0,0.0,0.0,134,681,Midfielder,4.9,2025-10-05
549,Neil,Dan,Neil,Sunderland,6,3,0.0,49,0.2,1.0,1,1,0,0,0,0,0,0,0,0,4,1.0,0.0,0.0,0.1,0.2,583,2368,Midfielder,4.9,2025-10-05
550,Poveda,Ian,Poveda-Ocampo,Sunderland,6,3,0.0,48,0.0,0.0,0,0,0,0,0,0,0,0,0,0,0,0.0,0.0,0.0,0.0,0.0,276,1597,Midfielder,4.8,2025-10-05
551,Rigg,Chris,Rigg,Sunderland,6,3,0.0,48,0.8,1.0,4,96,0,0,0,0,0,0,0,0,12,5.0,14.2,5.0,2.5,0.8,1959,4199,Midfielder,4.8,2025-10-05
552,Sadiki,Noah,Sadiki,Sunderland,6,3,0.1,50,1.8,2.0,14,623,0,0,3,6,3,0,0,0,74,59.8,73.0,12.0,14.6,2.8,3085,3494,Midfielder,5.0,2025-10-05
553,Talbi,Chemsdine,Talbi,Sunderland,6,3,0.2,50,2.2,2.9,20,501,0,1,4,2,0,0,0,0,54,47.6,88.9,61.0,19.7,4.0,36451,34900,Midfielder,5.0,2025-10-05
554,Ba,Abdoullah,Ba,Sunderland,6,3,0.2,44,0.0,0.0,0,0,0,0,0,0,0,0,0,0,0,0.0,0.0,0.0,0.0,0.0,11852,19522,Midfielder,4.4,2025-10-05
555,Browne,Alan,Browne,Sunderland,6,3,0.0,45,0.0,0.0,0,0,0,0,0,0,0,0,0,0,0,0.0,0.0,0.0,0.0,0.0,1291,8046,Midfielder,4.5,2025-10-05
556,Ekwah,Pierre,Ekwah Elimby,Sunderland,6,3,0.0,45,0.0,0.0,0,0,0,0,0,0,0,0,0,0,0,0.0,0.0,0.0,0.0,0.0,0,1530,Midfielder,4.5,2025-10-05
557,H.Jones,Harrison,Jones,Sunderland,6,3,0.1,44,0.0,0.0,0,0,0,0,0,0,0,0,0,0,0,0.0,0.0,0.0,0.0,0.0,2883,4549,Midfielder,4.4,2025-10-05
558,Matete,Jay,Matete,Sunderland,6,3,0.2,44,0.0,0.0,0,0,0,0,0,0,0,0,0,0,0,0.0,0.0,0.0,0.0,0.0,13960,19186,Midfielder,4.4,2025-10-05
559,Triantis,Nectarios,Triantis,Sunderland,6,3,0.1,44,0.0,0.0,0,0,0,0,0,0,0,0,0,0,0,0.0,0.0,0.0,0.0,0.0,2951,6056,Midfielder,4.4,2025-10-05
560,Isidor,Wilson,Isidor,Sunderland,6,4,3.2,56,3.5,4.0,28,377,3,0,2,5,0,0,0,6,102,108.6,5.4,139.0,25.3,5.0,463548,127019,Forward,5.6,2025-10-05
561,Mayenda,Eliezer,Mayenda Dossou,Sunderland,6,4,0.9,55,0.5,2.8,14,243,1,0,2,1,0,0,0,2,51,48.0,24.6,50.0,12.1,2.5,245894,232745,Forward,5.5,2025-10-05
562,Abdullahi,Ahmed,Abdullahi,Sunderland,6,4,0.4,44,0.0,0.0,0,0,0,0,0,0,0,0,0,0,0,0.0,0.0,0.0,0.0,0.0,18447,40925,Forward,4.4,2025-10-05
563,Luís Hemir,Luís Hemir,Silva Semedo,Sunderland,6,4,0.1,44,0.0,0.0,0,0,0,0,0,0,0,0,0,0,0,0.0,0.0,0.0,0.0,0.0,5979,14973,Forward,4.4,2025-10-05
564,Rusyn,Nazarii,Rusyn,Sunderland,6,4,0.1,44,0.0,0.0,0,0,0,0,0,0,0,0,0,0,0,0.0,0.0,0.0,0.0,0.0,3530,16116,Forward,4.4,2025-10-05
668,Xhaka,Granit,Xhaka,Sunderland,6,3,3.9,50,5.2,4.6,32,630,0,3,3,6,3,0,0,1,142,185.4,144.4,21.0,35.0,6.4,294434,179495,Midfielder,5.0,2025-10-05
670,Roefs,Robin,Roefs,Sunderland,6,1,4.6,46,6.0,5.9,41,630,0,0,3,6,1,0,24,6,147,207.8,20.0,0.0,22.7,8.9,543093,106806,Goalkeeper,4.6,2025-10-05
678,Masuaku,Arthur,Masuaku,Sunderland,6,2,0.6,40,0.2,0.3,1,125,0,0,0,2,1,0,0,0,4,21.6,20.1,7.0,4.9,0.2,15780,30786,Defender,4.0,2025-10-05
683,Alderete,Omar,Alderete,Sunderland,6,2,6.5,41,7.5,5.6,39,577,1,1,2,6,1,0,0,4,123,210.4,27.6,77.0,31.5,9.5,727723,91503,Defender,4.1,2025-10-05
694,Mukiele,Nordi,Mukiele,Sunderland,6,2,2.0,40,5.8,5.4,27,450,0,0,2,4,0,0,0,2,100,129.6,44.8,20.0,19.5,6.8,249191,47504,Defender,4.0,2025-10-05
724,Geertruida,Lutsharel,Geertruida,Sunderland,6,2,0.0,45,1.0,1.0,4,57,0,0,0,0,0,0,0,0,18,15.2,0.6,19.0,3.5,0.9,1723,809,Defender,4.5,2025-10-05
730,Brobbey,Brian,Brobbey,Sunderland,6,4,0.1,55,0.8,1.0,3,57,0,0,0,0,0,0,0,0,10,3.4,0.3,0.0,0.4,0.5,10171,5256,Forward,5.5,2025-10-05
735,Traoré,Bertrand,Traoré,Sunderland,6,3,0.0,55,0.2,0.5,1,88,0,0,0,2,1,0,0,0,15,15.0,27.5,40.0,8.3,0.2,1790,755,Midfielder,5.5,2025-10-05
565,Vicario,Guglielmo,Vicario,Spurs,3,1,12.2,51,3.5,5.0,35,630,0,0,3,5,0,0,24,5,160,195.8,0.1,0.0,19.6,6.9,1147219,411679,Goalkeeper,5.1,2025-10-05
566,Austin,Brandon,Austin,Spurs,3,1,0.2,40,0.0,0.0,0,0,0,0,0,0,0,0,0,0,0,0.0,0.0,0.0,0.0,0.0,3096,10429,Goalkeeper,4.0,2025-10-05
567,Kinsky,Antonín,Kinský,Spurs,3,1,1.7,39,0.0,0.0,0,0,0,0,0,0,0,0,0,0,0,0.0,0.0,0.0,0.0,0.0,51632,83116,Goalkeeper,3.9,2025-10-05
568,Pedro Porro,Pedro,Porro Sauceda,Spurs,3,2,21.7,56,3.8,4.3,30,545,0,1,3,4,1,0,0,0,121,121.4,158.9,23.0,30.5,5.4,1069735,1108315,Defender,5.6,2025-10-05
569,Romero,Cristian,Romero,Spurs,3,2,7.5,51,4.2,4.6,32,630,0,1,3,5,3,0,0,3,132,150.8,29.2,50.0,22.9,6.3,649821,286293,Defender,5.1,2025-10-05
570,Danso,Kevin,Danso,Spurs,3,2,0.2,43,0.5,1.0,3,16,0,0,0,0,0,0,0,0,10,8.4,0.8,0.0,0.9,0.7,9078,17712,Defender,4.3,2025-10-05
571,Davies,Ben,Davies,Spurs,3,2,0.1,43,0.0,0.0,0,0,0,0,0,0,0,0,0,0,0,0.0,0.0,0.0,0.0,0.0,2095,6864,Defender,4.3,2025-10-05
572,Dragusin,Radu,Drăgușin,Spurs,3,2,0.0,45,0.0,0.0,0,0,0,0,0,0,0,0,0,0,0,0.0,0.0,0.0,0.0,0.0,267,413,Defender,4.5,2025-10-05
573,Spence,Djed,Spence,Spurs,3,2,2.2,45,2.0,3.5,21,403,0,0,3,2,2,0,0,0,75,50.2,48.5,26.0,12.4,4.7,235986,145929,Defender,4.5,2025-10-05
574,Udogie,Destiny,Udogie,Spurs,3,2,0.6,44,1.5,1.4,7,301,0,0,0,4,0,0,0,0,37,50.0,46.5,40.0,13.7,1.6,35239,63391,Defender,4.4,2025-10-05
575,Van de Ven,Micky,van de Ven,Spurs,3,2,34.4,48,4.8,4.6,32,619,1,0,3,5,1,0,0,2,136,138.2,29.6,50.0,21.8,6.7,1708637,731582,Defender,4.8,2025-10-05
576,Phillips,Ashley,Phillips,Spurs,3,2,0.0,40,0.0,0.0,0,0,0,0,0,0,0,0,0,0,0,0.0,0.0,0.0,0.0,0.0,0,1647,Defender,4.0,2025-10-05
577,Takai,Takai,Kōta,Spurs,3,2,0.1,40,0.0,0.0,0,0,0,0,0,0,0,0,0,0,0,0.0,0.0,0.0,0.0,0.0,480,6568,Defender,4.0,2025-10-05
578,Vuskovic,Luka,Vušković,Spurs,3,2,0.5,39,0.0,0.0,0,0,0,0,0,0,0,0,0,0,0,0.0,0.0,0.0,0.0,0.0,7334,73196,Defender,3.9,2025-10-05
579,Son,Son,Heung-min,Spurs,3,3,0.1,85,0.0,0.0,0,0,0,0,0,0,0,0,0,0,0,0.0,0.0,0.0,0.0,0.0,0,24203,Midfielder,8.5,2025-10-05
580,Johnson,Brennan,Johnson,Spurs,3,3,4.8,69,1.0,3.1,22,266,2,0,2,1,1,0,0,2,73,91.0,44.9,50.0,18.7,3.2,1070883,966022,Midfielder,6.9,2025-10-05
581,Maddison,James,Maddison,Spurs,3,3,0.1,69,0.0,0.0,0,0,0,0,0,0,0,0,0,0,0,0.0,0.0,0.0,0.0,0.0,639,21154,Midfielder,6.9,2025-10-05
582,Kudus,Mohammed,Kudus,Spurs,3,3,31.9,67,6.0,5.6,39,618,1,5,3,5,2,0,0,4,123,187.0,215.1,153.0,55.5,5.8,2202718,1395115,Midfielder,6.7,2025-10-05
583,Kulusevski,Dejan,Kulusevski,Spurs,3,3,0.0,64,0.0,0.0,0,0,0,0,0,0,0,0,0,0,0,0.0,0.0,0.0,0.0,0.0,346,1352,Midfielder,6.4,2025-10-05
584,Tel,Mathys,Tel,Spurs,3,3,0.1,63,3.2,3.0,15,175,1,0,1,1,0,0,0,2,43,43.8,9.0,30.0,8.4,2.4,7195,13471,Midfielder,6.3,2025-10-05
585,Bentancur,Rodrigo,Bentancur,Spurs,3,3,0.1,53,2.0,2.3,14,410,0,0,1,5,0,0,0,0,75,59.2,50.5,20.0,13.0,2.6,6762,13792,Midfielder,5.3,2025-10-05
586,Bergvall,Lucas,Bergvall,Spurs,3,3,0.7,54,4.0,3.5,21,363,1,1,2,3,1,0,0,0,72,86.6,40.0,93.0,22.0,3.9,92242,38391,Midfielder,5.4,2025-10-05
587,Bissouma,Yves,Bissouma,Spurs,3,3,0.0,52,0.0,0.0,0,0,0,0,0,0,0,0,0,0,0,0.0,0.0,0.0,0.0,0.0,946,12482,Midfielder,5.2,2025-10-05
588,Odobert,Wilson,Odobert,Spurs,3,3,0.0,53,1.5,1.3,9,236,0,0,0,3,0,0,0,0,29,21.6,40.8,45.0,10.7,1.7,1493,3196,Midfielder,5.3,2025-10-05
589,Solomon,Manor,Solomon,Spurs,3,3,0.0,54,0.0,0.0,0,0,0,0,0,0,0,0,0,0,0,0.0,0.0,0.0,0.0,0.0,115,1349,Midfielder,5.4,2025-10-05
590,Bryan,Bryan,Gil Salvatierra,Spurs,3,3,0.0,49,0.0,0.0,0,0,0,0,0,0,0,0,0,0,0,0.0,0.0,0.0,0.0,0.0,675,3600,Midfielder,4.9,2025-10-05
591,Gray,Archie,Gray,Spurs,3,3,0.1,49,0.2,2.0,4,71,0,0,1,0,0,0,0,0,17,6.0,13.2,2.0,2.2,0.8,4070,10539,Midfielder,4.9,2025-10-05
592,Moore,Mikey,Moore,Spurs,3,3,0.0,50,0.0,0.0,0,0,0,0,0,0,0,0,0,0,0,0.0,0.0,0.0,0.0,0.0,0,621,Midfielder,5.0,2025-10-05
593,P.M.Sarr,Pape Matar,Sarr,Spurs,3,3,2.4,50,3.2,4.0,24,374,1,2,3,1,0,0,0,0,91,105.2,38.4,70.0,21.4,4.8,271508,305957,Midfielder,5.0,2025-10-05
594,Min-hyeok,Yang,Min-hyeok,Spurs,3,3,0.0,45,0.0,0.0,0,0,0,0,0,0,0,0,0,0,0,0.0,0.0,0.0,0.0,0.0,0,2465,Midfielder,4.5,2025-10-05
595,Olusesi,Callum,Olusesi,Spurs,3,3,0.2,44,0.0,0.0,0,0,0,0,0,0,0,0,0,0,0,0.0,0.0,0.0,0.0,0.0,12002,15173,Midfielder,4.4,2025-10-05
596,Solanke,Dominic,Solanke-Mitchell,Spurs,3,4,1.1,72,0.0,1.0,2,31,0,0,0,0,0,0,0,0,10,6.0,0.3,25.0,3.1,0.3,28185,423946,Forward,7.2,2025-10-05
597,Richarlison,Richarlison,de Andrade,Spurs,3,4,16.4,68,3.2,4.6,32,453,3,1,2,4,1,0,0,6,133,144.0,49.2,201.0,39.4,4.7,2365975,1097538,Forward,6.8,2025-10-05
598,Lankshear,Will,Lankshear,Spurs,3,4,0.0,45,0.0,0.0,0,0,0,0,0,0,0,0,0,0,0,0.0,0.0,0.0,0.0,0.0,0,4456,Forward,4.5,2025-10-05
599,Scarlett,Dane,Scarlett,Spurs,3,4,0.7,44,0.0,0.0,0,0,0,0,0,0,0,0,0,0,0,0.0,0.0,0.0,0.0,0.0,31712,61206,Forward,4.4,2025-10-05
673,J.Palhinha,João Maria,Lobo Alves Palhares Costa Palhinha Gonçalves,Spurs,3,3,1.2,55,4.2,4.3,30,513,2,0,2,5,2,0,0,6,115,146.0,27.6,56.0,23.0,5.5,133954,67635,Midfielder,5.5,2025-10-05
717,Xavi,Xavi,Simons,Spurs,3,3,3.4,71,2.5,2.5,10,249,0,1,1,2,1,0,0,0,42,39.0,83.1,29.0,15.1,1.4,629816,270784,Midfielder,7.1,2025-10-05
726,Kolo Muani,Randal,Kolo Muani,Spurs,3,4,0.2,69,0.0,0.0,0,0,0,0,0,0,0,0,0,0,0,0.0,0.0,0.0,0.0,0.0,35036,30947,Forward,6.9,2025-10-05
149,Igor,Igor Julio,dos Santos de Paulo,West Ham,19,2,0.1,45,0.2,1.0,1,1,0,0,0,0,0,0,0,0,3,0.0,0.0,0.0,0.0,0.2,2469,3383,Defender,4.5,2025-10-05
600,Areola,Alphonse,Areola,West Ham,19,1,2.2,43,1.5,2.0,6,270,0,0,0,5,0,0,9,0,33,79.0,0.0,0.0,7.9,1.4,29068,275114,Goalkeeper,4.3,2025-10-05
601,Foderingham,Wes,Foderingham,West Ham,19,1,0.4,40,0.0,0.0,0,0,0,0,0,0,0,0,0,0,0,0.0,0.0,0.0,0.0,0.0,3874,27295,Goalkeeper,4.0,2025-10-05
602,Hegyi,Krisztián,Hegyi,West Ham,19,1,0.2,40,0.0,0.0,0,0,0,0,0,0,0,0,0,0,0,0.0,0.0,0.0,0.0,0.0,2591,7429,Goalkeeper,4.0,2025-10-05
603,Diouf,El Hadji Malick,Diouf,West Ham,19,2,3.7,44,3.0,3.7,26,630,0,4,1,16,1,0,0,1,60,153.0,120.4,40.0,31.4,5.9,116308,472329,Defender,4.4,2025-10-05
604,Emerson,Emerson,Palmieri dos Santos,West Ham,19,2,0.1,44,0.0,0.0,0,0,0,0,0,0,0,0,0,0,0,0.0,0.0,0.0,0.0,0.0,1719,18103,Defender,4.4,2025-10-05
605,Kilman,Maximilian,Kilman,West Ham,19,2,0.2,44,1.8,1.9,13,630,0,0,1,16,3,0,0,0,30,150.0,29.4,16.0,19.5,3.0,8138,22094,Defender,4.4,2025-10-05
606,Mavropanos,Konstantinos,Mavropanos,West Ham,19,2,0.1,44,2.5,3.2,16,450,0,0,1,8,1,0,0,0,52,118.0,2.7,55.0,17.5,3.6,4131,4316,Defender,4.4,2025-10-05
607,N.Aguerd,Nayef,Aguerd,West Ham,19,2,0.1,44,0.0,1.5,3,180,0,0,0,8,0,0,0,0,-1,39.0,3.9,8.0,5.1,0.7,1288,10991,Defender,4.4,2025-10-05
608,Scarles,Ollie,Scarles,West Ham,19,2,0.0,44,0.0,0.0,0,0,0,0,0,0,0,0,0,0,0,0.0,0.0,0.0,0.0,0.0,643,2073,Defender,4.4,2025-10-05
609,Todibo,Jean-Clair,Todibo,West Ham,19,2,0.1,43,0.0,0.5,1,126,0,0,0,5,0,0,0,0,0,25.2,3.4,0.0,2.9,0.2,3259,9014,Defender,4.3,2025-10-05
610,Wan-Bissaka,Aaron,Wan-Bissaka,West Ham,19,2,6.9,43,0.2,0.7,2,258,0,0,0,10,0,0,0,0,-2,42.0,45.9,10.0,9.9,0.5,60674,1841664,Defender,4.3,2025-10-05
611,Casey,Kaelan,Casey,West Ham,19,2,0.1,40,0.0,0.0,0,0,0,0,0,0,0,0,0,0,0,0.0,0.0,0.0,0.0,0.0,0,9821,Defender,4.0,2025-10-05
612,L.Paquetá,Lucas,Tolentino Coelho de Lima,West Ham,19,3,2.9,59,2.5,4.4,31,607,2,0,1,16,2,0,0,2,119,176.8,188.2,85.0,45.1,5.3,485341,334496,Midfielder,5.9,2025-10-05
613,Souček,Tomáš,Souček,West Ham,19,3,0.2,57,-0.5,1.0,4,231,0,0,1,10,0,1,0,0,24,38.0,3.7,58.0,10.1,0.7,2964,77471,Midfielder,5.7,2025-10-05
614,Ward-Prowse,James,Ward-Prowse,West Ham,19,3,0.2,58,1.0,2.2,11,414,0,0,1,11,0,0,0,0,82,56.6,176.3,6.0,23.9,1.9,8422,30767,Midfielder,5.8,2025-10-05
615,Summerville,Crysencio,Summerville,West Ham,19,3,0.1,55,1.8,2.8,14,311,0,2,0,7,1,0,0,0,58,59.6,50.5,49.0,15.9,2.5,11951,5571,Midfielder,5.5,2025-10-05
616,Álvarez,Edson,Álvarez Velázquez,West Ham,19,3,0.1,49,0.0,0.0,0,0,0,0,0,0,0,0,0,0,0,0.0,0.0,0.0,0.0,0.0,1147,14774,Midfielder,4.9,2025-10-05
617,Cornet,Maxwel,Cornet,West Ham,19,3,0.0,49,0.0,0.0,0,0,0,0,0,0,0,0,0,0,0,0.0,0.0,0.0,0.0,0.0,246,2792,Midfielder,4.9,2025-10-05
618,G.Rodriguez,Guido,Rodríguez,West Ham,19,3,0.0,49,0.0,2.0,2,70,0,0,0,1,0,0,0,0,11,2.2,2.3,2.0,0.7,0.4,1071,3457,Midfielder,4.9,2025-10-05
619,L.Guilherme,Luis Guilherme,Lira dos Santos,West Ham,19,3,0.0,49,0.8,1.0,3,54,0,0,0,1,0,0,0,0,5,1.6,0.6,4.0,0.4,0.6,346,2295,Midfielder,4.9,2025-10-05
620,Earthy,George,Earthy,West Ham,19,3,0.1,45,0.0,0.0,0,0,0,0,0,0,0,0,0,0,0,0.0,0.0,0.0,0.0,0.0,2170,5484,Midfielder,4.5,2025-10-05
621,Irving,Andy,Irving,West Ham,19,3,0.3,44,0.5,1.0,4,25,0,0,0,1,0,0,0,0,17,14.8,17.2,0.0,3.2,0.9,24804,20365,Midfielder,4.4,2025-10-05
622,Orford,Lewis,Orford,West Ham,19,3,0.1,44,0.0,0.0,0,0,0,0,0,0,0,0,0,0,0,0.0,0.0,0.0,0.0,0.0,1052,9398,Midfielder,4.4,2025-10-05
623,Potts,Freddie,Potts,West Ham,19,3,0.7,44,0.5,1.0,3,105,0,0,0,3,0,0,0,0,12,15.4,3.7,2.0,2.1,0.7,52371,56755,Midfielder,4.4,2025-10-05
624,Bowen,Jarrod,Bowen,West Ham,19,4,6.8,77,5.5,5.0,35,630,3,0,1,16,0,0,0,9,152,164.8,98.0,172.0,43.6,4.5,306926,1319539,Forward,7.7,2025-10-05
625,Füllkrug,Niclas,Füllkrug,West Ham,19,4,1.0,57,1.2,1.7,10,379,0,0,1,9,0,0,0,0,23,24.8,72.3,125.0,21.9,1.8,39194,339213,Forward,5.7,2025-10-05
626,Marshall,Callum,Marshall,West Ham,19,4,0.7,44,0.2,1.0,1,29,0,0,0,1,0,0,0,0,-2,1.2,0.0,7.0,0.8,0.2,38487,56230,Forward,4.4,2025-10-05
659,Walker-Peters,Kyle,Walker-Peters,West Ham,19,2,0.3,44,1.0,1.8,11,391,0,0,1,6,1,0,0,0,57,60.8,46.7,32.0,14.0,2.5,12001,23461,Defender,4.4,2025-10-05
671,Wilson,Callum,Wilson,West Ham,19,4,0.4,59,0.5,2.2,11,170,1,0,0,5,0,0,0,2,42,50.8,13.5,82.0,14.3,1.9,28751,47373,Forward,5.9,2025-10-05
679,Hermansen,Mads,Hermansen,West Ham,19,1,0.3,45,0.2,2.2,9,360,0,0,1,11,0,0,9,0,27,84.8,0.0,0.0,8.5,2.0,12584,22851,Goalkeeper,4.5,2025-10-05
708,M.Fernandes,Mateus Gonçalo,Espanha Fernandes,West Ham,19,3,0.0,55,2.0,2.2,11,398,0,0,1,7,0,0,0,0,58,45.2,67.0,11.0,12.3,2.0,3255,1814,Midfielder,5.5,2025-10-05
718,S.Magassa,Soungoutou,Magassa,West Ham,19,3,0.0,50,1.0,1.0,4,159,0,0,0,3,1,0,0,0,19,29.2,6.4,0.0,3.6,0.8,377,250,Midfielder,5.0,2025-10-05
738,Fabianski,Lukasz,Fabianski,West Ham,19,1,0.0,45,0.0,0.0,0,0,0,0,0,0,0,0,0,0,0,0.0,0.0,0.0,0.0,0.0,2053,733,Goalkeeper,4.5,2025-10-05
627,Johnstone,Sam,Johnstone,Wolves,20,1,0.1,45,2.0,2.7,8,270,0,0,0,3,0,0,10,0,47,50.8,0.0,0.0,5.1,1.8,4309,6369,Goalkeeper,4.5,2025-10-05
628,José Sá,José,Malheiro de Sá,Wolves,20,1,1.4,44,0.2,1.2,5,360,0,0,0,11,0,0,5,0,7,44.0,10.0,0.0,5.5,1.1,27207,88970,Goalkeeper,4.4,2025-10-05
629,Bentley,Daniel,Bentley,Wolves,20,1,0.6,40,0.0,0.0,0,0,0,0,0,0,0,0,0,0,0,0.0,0.0,0.0,0.0,0.0,9053,21691,Goalkeeper,4.0,2025-10-05
631,Agbadou,Emmanuel,Agbadou,Wolves,20,2,0.3,45,2.2,2.0,14,525,0,0,0,14,0,0,0,0,44,146.2,38.6,39.0,22.4,3.1,21441,42116,Defender,4.5,2025-10-05
632,Doherty,Matt,Doherty,Wolves,20,2,0.1,44,0.0,0.0,0,225,0,0,0,5,3,0,0,0,2,30.2,9.1,4.0,4.4,0.0,3116,11434,Defender,4.4,2025-10-05
633,H.Bueno,Hugo,Bueno López,Wolves,20,2,0.1,44,3.2,2.1,15,438,0,0,1,6,1,0,0,0,71,107.4,138.7,50.0,29.7,3.4,3838,5317,Defender,4.4,2025-10-05
634,Mosquera,Yerson,Mosquera Valdelamar,Wolves,20,2,0.1,44,1.0,1.3,4,137,0,0,0,4,0,0,0,0,13,19.2,0.5,21.0,4.1,0.9,1353,3363,Defender,4.4,2025-10-05
635,R.Gomes,Rodrigo,Martins Gomes,Wolves,20,2,0.1,45,0.5,2.5,10,165,1,0,0,5,0,0,0,0,20,51.8,19.8,64.0,13.6,2.2,7223,7022,Defender,4.5,2025-10-05
636,S.Bueno,Santiago,Ignacio Bueno,Wolves,20,2,0.1,44,3.2,4.2,17,304,1,0,0,5,1,0,0,2,46,95.6,30.6,39.0,16.5,3.9,4620,3035,Defender,4.4,2025-10-05
637,Toti,Toti,Gomes,Wolves,20,2,0.1,44,1.0,0.8,5,390,0,0,0,13,0,1,0,0,15,74.6,26.5,27.0,12.8,1.1,3231,9924,Defender,4.4,2025-10-05
638,Hoever,Ki-Jana,Hoever,Wolves,20,2,1.1,40,0.0,1.0,2,106,0,0,0,4,0,0,0,0,1,22.8,34.2,2.0,5.9,0.5,22619,143592,Defender,4.0,2025-10-05
639,Meupiyou,Bastien,Meupiyou Menadjou,Wolves,20,2,0.0,40,0.0,0.0,0,0,0,0,0,0,0,0,0,0,0,0.0,0.0,0.0,0.0,0.0,0,643,Defender,4.0,2025-10-05
640,Pedro Lima,Pedro,Cardoso de Lima,Wolves,20,2,0.6,40,0.0,0.0,0,0,0,0,0,0,0,0,0,0,0,0.0,0.0,0.0,0.0,0.0,7922,63875,Defender,4.0,2025-10-05
641,Pond,Alfie,Pond,Wolves,20,2,1.4,39,0.0,0.0,0,0,0,0,0,0,0,0,0,0,0,0.0,0.0,0.0,0.0,0.0,52101,61585,Defender,3.9,2025-10-05
642,Hee Chan,Hwang,Hee-chan,Wolves,20,3,0.2,59,1.0,2.2,13,275,1,0,0,4,0,0,0,0,46,43.0,13.1,46.0,10.2,2.2,23087,25156,Midfielder,5.9,2025-10-05
643,André,André,Trindade da Costa Neto,Wolves,20,3,0.1,54,2.5,2.4,17,442,0,0,0,9,2,0,0,1,77,46.4,13.8,4.0,6.4,3.1,4014,6995,Midfielder,5.4,2025-10-05
644,Bellegarde,Jean-Ricner,Bellegarde,Wolves,20,3,0.1,53,1.0,1.1,8,252,0,0,0,9,0,0,0,0,35,22.8,55.9,26.0,10.4,1.5,2029,6533,Midfielder,5.3,2025-10-05
645,Fer López,Fer,López González,Wolves,20,3,0.0,53,1.0,1.5,6,102,0,1,0,4,1,0,0,0,23,27.0,50.7,25.0,10.2,1.1,623,2853,Midfielder,5.3,2025-10-05
646,Gomes,João Victor,Gomes da Silva,Wolves,20,3,0.1,54,3.2,2.6,18,603,0,0,1,13,3,0,0,0,97,72.8,65.2,21.0,16.0,3.3,4127,7732,Midfielder,5.4,2025-10-05
647,Guedes,Gonçalo Manuel,Ganchinho Guedes,Wolves,20,3,0.0,55,0.0,0.0,0,0,0,0,0,0,0,0,0,0,0,0.0,0.0,0.0,0.0,0.0,0,742,Midfielder,5.5,2025-10-05
648,Munetsi,Marshall,Munetsi,Wolves,20,3,0.0,54,2.5,2.7,19,519,0,2,0,10,1,0,0,0,67,67.6,40.0,57.0,16.3,3.5,5130,6215,Midfielder,5.4,2025-10-05
649,B.Traore,Boubacar,Traoré,Wolves,20,3,0.0,50,0.0,0.0,0,0,0,0,0,0,0,0,0,0,0,0.0,0.0,0.0,0.0,0.0,0,151,Midfielder,5.0,2025-10-05
650,Chirewa,Tawanda,Chirewa,Wolves,20,3,0.3,44,0.0,0.0,0,0,0,0,0,0,0,0,0,0,0,0.0,0.0,0.0,0.0,0.0,17854,23017,Midfielder,4.4,2025-10-05
651,Edozie,Tom,Edozie,Wolves,20,3,0.4,44,0.0,0.0,0,0,0,0,0,0,0,0,0,0,0,0.0,0.0,0.0,0.0,0.0,27850,29792,Midfielder,4.4,2025-10-05
652,Gonzalez,Enso,González Medina,Wolves,20,3,1.6,44,0.0,0.0,0,0,0,0,0,0,0,0,0,0,0,0.0,0.0,0.0,0.0,0.0,109140,112967,Midfielder,4.4,2025-10-05
653,Hodge,Joe,Hodge,Wolves,20,3,0.0,45,0.0,0.0,0,0,0,0,0,0,0,0,0,0,0,0.0,0.0,0.0,0.0,0.0,0,4432,Midfielder,4.5,2025-10-05
654,Strand Larsen,Jørgen,Strand Larsen,Wolves,20,4,1.4,64,1.2,1.8,9,362,0,0,2,5,0,0,0,0,23,15.8,9.3,89.0,11.1,1.4,119935,476104,Forward,6.4,2025-10-05
655,Fábio Silva,Fábio,Soares Silva,Wolves,20,4,0.2,49,0.0,0.0,0,0,0,0,0,0,0,0,0,0,0,0.0,0.0,0.0,0.0,0.0,7178,48698,Forward,4.9,2025-10-05
656,Kalajdžić,Saša,Kalajdžić,Wolves,20,4,0.1,49,0.0,1.0,1,14,0,0,0,0,0,0,0,0,1,1.0,4.3,2.0,0.7,0.2,1691,8677,Forward,4.9,2025-10-05
657,Chiwome,Leon,Chiwome,Wolves,20,4,0.0,45,0.0,0.0,0,0,0,0,0,0,0,0,0,0,0,0.0,0.0,0.0,0.0,0.0,2344,4135,Forward,4.5,2025-10-05
658,Fraser,Nathan,Fraser,Wolves,20,4,2.2,44,0.0,0.0,0,0,0,0,0,0,0,0,0,0,0,0.0,0.0,0.0,0.0,0.0,143654,188850,Forward,4.4,2025-10-05
663,J.Arias,Jhon,Arias,Wolves,20,3,0.2,52,2.2,1.9,13,357,0,0,1,6,0,0,0,0,64,51.2,96.8,45.0,19.2,2.5,8355,56444,Midfielder,5.2,2025-10-05
682,Møller Wolfe,David,Møller Wolfe,Wolves,20,2,0.1,44,0.2,1.8,7,144,0,1,0,5,0,0,0,0,15,30.6,16.1,4.0,5.1,1.6,2154,4816,Defender,4.4,2025-10-05
695,Tchatchoua,Jackson,Tchatchoua,Wolves,20,2,0.0,45,1.8,1.5,9,355,0,0,0,8,0,0,0,0,21,51.6,55.9,14.0,12.1,2.0,1629,1049,Defender,4.5,2025-10-05
709,Krejčí,Ladislav,Krejcí,Wolves,20,2,0.0,45,3.0,3.0,12,360,1,0,0,6,1,0,0,0,44,77.0,40.3,34.0,15.2,2.7,4970,1146,Defender,4.5,2025-10-05
720,Tolu,Tolu,Arokodare,Wolves,20,4,0.1,55,1.5,1.5,6,162,0,0,0,5,0,0,0,0,19,12.4,14.9,51.0,7.8,1.1,12444,5390,Forward,5.5,2025-10-05
